top_x,top_y,n_sensor,n_demo,n_features,ohs_item_mae,ohs_item_rmse,sis_item_mae,sis_item_rmse,ohs_total_mae,ohs_total_rmse,sis_total_mae,sis_total_rmse,mean_item_mae,epochs
14,0,20,0,20,1.0844,1.3002,0.7576,0.9484,5.8045,6.4979,2.5926,2.9461,0.921,60
13,0,19,0,19,1.153,1.3516,0.7305,0.9162,6.9445,7.7798,2.4164,2.8694,0.9418,61
23,0,30,0,30,1.0457,1.2881,0.8679,1.0793,5.233,6.2373,2.4923,3.5533,0.9568,72
28,0,35,0,35,0.9952,1.1921,0.9399,1.176,7.1953,7.8582,3.3677,4.5396,0.9675,99
18,0,25,0,25,1.1545,1.3707,0.794,0.9967,6.7804,7.8588,2.4321,2.8514,0.9743,62
11,0,17,0,17,1.0609,1.2949,0.921,1.1536,7.2567,8.7081,3.6614,4.7801,0.991,108
9,5,14,6,20,1.1605,1.3702,0.8322,1.0257,6.5784,7.5054,2.8917,3.2938,0.9964,60
6,0,10,0,10,1.2087,1.4077,0.7857,0.9545,7.8244,8.9711,2.6314,3.1749,0.9972,63
12,2,18,2,20,1.1879,1.4014,0.8073,1.0095,6.7794,7.7438,2.7366,3.1945,0.9976,60
12,1,18,2,20,1.1879,1.4014,0.8073,1.0095,6.7794,7.7438,2.7366,3.1945,0.9976,60
30,0,38,0,38,1.1322,1.3303,0.8673,1.1151,7.8315,8.365,3.1176,3.6579,0.9998,71
7,7,11,7,18,1.1876,1.3898,0.8208,0.9862,8.3456,9.3836,3.1514,3.4724,1.0042,64
7,6,11,7,18,1.1876,1.3898,0.8208,0.9862,8.3456,9.3836,3.1514,3.4724,1.0042,64
9,0,14,0,14,1.1687,1.379,0.841,1.0436,7.327,8.1861,2.7285,3.2773,1.0048,64
17,0,25,0,25,1.1558,1.3791,0.8605,1.0903,6.9383,7.668,2.1516,3.4776,1.0081,98
33,0,39,0,39,1.1903,1.3795,0.8269,1.0541,7.4798,8.6355,3.0545,3.4145,1.0086,63
10,6,15,7,22,1.2138,1.4076,0.811,0.9835,7.5697,8.9378,2.7998,3.228,1.0124,62
10,7,15,7,22,1.2138,1.4076,0.811,0.9835,7.5697,8.9378,2.7998,3.228,1.0124,62
5,0,8,0,8,1.2047,1.4309,0.8276,1.0167,7.525,8.6595,2.7562,3.2681,1.0161,66
46,0,46,0,46,1.1865,1.3879,0.8498,1.0466,9.2448,10.1226,2.4024,3.7369,1.0182,94
45,0,46,0,46,1.1865,1.3879,0.8498,1.0466,9.2448,10.1226,2.4024,3.7369,1.0182,94
44,0,45,0,45,1.1762,1.3937,0.8611,1.089,7.4594,8.0637,2.5085,3.315,1.0186,73
9,3,14,4,18,1.2437,1.4374,0.794,0.9649,9.2663,10.3417,2.7426,3.0281,1.0189,65
12,0,18,0,18,1.221,1.4105,0.8178,1.0553,9.3268,10.2324,2.6173,3.7748,1.0194,116
28,1,35,2,37,1.1762,1.3594,0.8637,1.0676,8.2202,9.0637,2.9548,3.5602,1.02,61
28,2,35,2,37,1.1762,1.3594,0.8637,1.0676,8.2202,9.0637,2.9548,3.5602,1.02,61
10,4,15,5,20,1.219,1.4285,0.8326,1.0213,7.0076,7.9299,2.9043,3.2286,1.0258,60
15,0,22,0,22,1.1204,1.3816,0.9332,1.1857,6.5899,8.0552,2.6885,3.3799,1.0268,101
35,3,40,4,44,1.2318,1.4209,0.8291,1.0574,8.0037,9.0819,2.8817,3.3292,1.0305,61
23,5,30,6,36,1.2527,1.4507,0.8087,0.9786,8.3768,9.4875,2.9658,3.4038,1.0307,63
34,3,40,4,44,1.2317,1.4212,0.83,1.058,7.988,9.0631,2.8861,3.3321,1.0308,61
32,0,38,0,38,1.1791,1.371,0.8827,1.1142,8.4272,9.0412,3.0788,3.7611,1.0309,71
16,0,24,0,24,1.1777,1.3661,0.8845,1.1545,8.387,9.3481,3.035,4.1278,1.0311,78
31,0,38,0,38,1.1858,1.3771,0.8778,1.1106,8.5888,9.1707,3.0699,3.7253,1.0318,71
43,0,45,0,45,1.2063,1.4166,0.8633,1.0884,7.9731,8.6162,2.5901,3.5026,1.0348,73
11,1,17,2,19,1.2585,1.4423,0.8119,0.9983,8.7771,9.8362,2.6462,3.0022,1.0352,60
11,2,17,2,19,1.2585,1.4423,0.8119,0.9983,8.7771,9.8362,2.6462,3.0022,1.0352,60
9,4,14,5,19,1.2178,1.4329,0.8547,1.0276,8.4118,9.4491,3.0288,3.3694,1.0362,60
41,6,44,7,51,1.2755,1.4592,0.8024,1.0025,9.4329,10.4962,2.8245,3.2824,1.039,62
41,7,44,7,51,1.2755,1.4592,0.8024,1.0025,9.4329,10.4962,2.8245,3.2824,1.039,62
40,6,44,7,51,1.2755,1.4592,0.8024,1.0025,9.4329,10.4962,2.8245,3.2824,1.039,62
40,7,44,7,51,1.2755,1.4592,0.8024,1.0025,9.4329,10.4962,2.8245,3.2824,1.039,62
39,0,44,0,44,1.2074,1.4173,0.871,1.0621,8.0225,9.0223,3.06,3.6702,1.0392,68
27,1,34,2,36,1.2501,1.4531,0.8284,1.0015,8.2597,9.3808,2.9245,3.3981,1.0393,62
27,2,34,2,36,1.2501,1.4531,0.8284,1.0015,8.2597,9.3808,2.9245,3.3981,1.0393,62
10,3,15,4,19,1.269,1.451,0.8123,0.9948,8.7982,9.9605,2.7357,3.1516,1.0407,61
7,4,11,5,16,1.2522,1.4351,0.8293,1.0115,8.7081,9.9376,2.9809,3.5499,1.0408,62
42,6,44,7,51,1.2783,1.4623,0.8033,1.0026,9.4622,10.5251,2.8223,3.2801,1.0408,62
42,7,44,7,51,1.2783,1.4623,0.8033,1.0026,9.4622,10.5251,2.8223,3.2801,1.0408,62
14,1,20,2,22,1.2466,1.4514,0.835,1.0262,8.6998,9.7849,2.9179,3.1936,1.0408,61
14,2,20,2,22,1.2466,1.4514,0.835,1.0262,8.6998,9.7849,2.9179,3.1936,1.0408,61
39,6,44,7,51,1.2778,1.4623,0.8046,1.0038,9.4393,10.5144,2.8229,3.2749,1.0412,62
39,7,44,7,51,1.2778,1.4623,0.8046,1.0038,9.4393,10.5144,2.8229,3.2749,1.0412,62
12,3,18,4,22,1.2228,1.4091,0.8599,1.0204,8.3928,9.5416,3.0426,3.4651,1.0414,61
9,6,14,7,21,1.2265,1.4286,0.8602,1.0489,7.8363,8.9029,3.1881,3.5801,1.0434,61
9,7,14,7,21,1.2265,1.4286,0.8602,1.0489,7.8363,8.9029,3.1881,3.5801,1.0434,61
30,5,38,6,44,1.2364,1.4451,0.8509,1.0403,8.3976,9.2687,2.7877,3.3097,1.0436,61
14,5,20,6,26,1.252,1.4311,0.8363,1.0237,8.2625,9.5071,3.0417,3.4503,1.0442,61
29,0,36,0,36,1.2781,1.4746,0.8118,1.029,8.3915,9.5562,2.7032,3.4374,1.0449,74
40,0,44,0,44,1.2127,1.4212,0.8775,1.0706,8.1419,9.1194,3.0946,3.7422,1.0451,68
41,0,44,0,44,1.2127,1.4212,0.8775,1.0706,8.1419,9.1194,3.0946,3.7422,1.0451,68
13,7,19,7,26,1.2256,1.4176,0.8657,1.0644,7.6298,8.6637,3.0082,3.4411,1.0456,63
13,6,19,7,26,1.2256,1.4176,0.8657,1.0644,7.6298,8.6637,3.0082,3.4411,1.0456,63
31,5,38,6,44,1.2382,1.448,0.8555,1.0454,8.4057,9.2743,2.7917,3.328,1.0468,61
32,5,38,6,44,1.2375,1.4474,0.8582,1.0475,8.4048,9.2708,2.8044,3.3508,1.0479,61
14,6,20,7,27,1.298,1.4837,0.7986,1.0098,9.3708,10.5977,2.8947,3.3109,1.0483,65
14,7,20,7,27,1.298,1.4837,0.7986,1.0098,9.3708,10.5977,2.8947,3.3109,1.0483,65
15,2,22,2,24,1.2999,1.5041,0.7972,0.9563,8.8814,9.9316,2.707,3.2205,1.0485,62
15,1,22,2,24,1.2999,1.5041,0.7972,0.9563,8.8814,9.9316,2.707,3.2205,1.0485,62
42,0,44,0,44,1.2238,1.4309,0.8751,1.0696,8.2287,9.243,3.0669,3.7268,1.0494,68
6,6,10,7,17,1.2604,1.4682,0.8389,1.0086,8.8766,9.864,2.7705,3.2722,1.0496,64
6,7,10,7,17,1.2604,1.4682,0.8389,1.0086,8.8766,9.864,2.7705,3.2722,1.0496,64
44,2,45,2,47,1.2332,1.443,0.8715,1.0401,7.9945,9.1413,3.0948,3.5022,1.0523,61
44,1,45,2,47,1.2332,1.443,0.8715,1.0401,7.9945,9.1413,3.0948,3.5022,1.0523,61
45,6,46,7,53,1.2271,1.4343,0.8808,1.1229,8.7457,9.7452,2.8658,3.3867,1.0539,60
45,7,46,7,53,1.2271,1.4343,0.8808,1.1229,8.7457,9.7452,2.8658,3.3867,1.0539,60
46,6,46,7,53,1.2271,1.4343,0.8808,1.1229,8.7457,9.7452,2.8658,3.3867,1.0539,60
46,7,46,7,53,1.2271,1.4343,0.8808,1.1229,8.7457,9.7452,2.8658,3.3867,1.0539,60
38,0,43,0,43,1.2537,1.4655,0.8554,1.0746,7.0647,8.1637,3.1532,4.0103,1.0546,68
22,4,29,5,34,1.231,1.4166,0.8808,1.0558,8.2646,9.3449,3.3494,3.8815,1.0559,61
38,3,43,4,47,1.2344,1.4522,0.881,1.0348,8.5132,9.4156,3.1779,3.6616,1.0577,62
37,0,41,0,41,1.2505,1.4224,0.8656,1.0744,8.6942,9.6206,2.9378,3.9757,1.058,68
16,3,24,4,28,1.2887,1.4905,0.829,1.0156,8.9334,9.9478,2.7833,3.2309,1.0588,63
27,4,34,5,39,1.2774,1.4565,0.8431,1.0352,9.4667,10.376,2.9747,3.5882,1.0602,63
20,7,26,7,33,1.1686,1.3859,0.9612,1.1478,7.7346,8.5689,3.6838,4.1052,1.0649,60
20,6,26,7,33,1.1686,1.3859,0.9612,1.1478,7.7346,8.5689,3.6838,4.1052,1.0649,60
21,2,28,2,30,1.2685,1.4686,0.8642,1.0443,8.9773,9.9446,3.1035,3.7538,1.0664,61
21,1,28,2,30,1.2685,1.4686,0.8642,1.0443,8.9773,9.9446,3.1035,3.7538,1.0664,61
22,3,29,4,33,1.3299,1.5571,0.8051,1.0301,8.9962,9.9966,2.7301,3.314,1.0675,62
24,2,32,2,34,1.2994,1.4779,0.8402,1.0333,9.0944,10.1902,2.8405,3.3133,1.0698,63
24,1,32,2,34,1.2994,1.4779,0.8402,1.0333,9.0944,10.1902,2.8405,3.3133,1.0698,63
25,5,33,6,39,1.2712,1.4637,0.8688,1.0551,8.7147,9.8852,3.0789,3.73,1.07,63
26,5,33,6,39,1.2709,1.4623,0.8727,1.0572,8.7604,9.9348,3.1219,3.7726,1.0718,63
6,1,10,2,12,1.356,1.5529,0.7888,0.9985,9.2676,10.3258,2.4241,2.7716,1.0724,64
6,2,10,2,12,1.356,1.5529,0.7888,0.9985,9.2676,10.3258,2.4241,2.7716,1.0724,64
19,6,26,7,33,1.1747,1.393,0.9732,1.1597,7.833,8.6735,3.7609,4.2433,1.0739,60
19,7,26,7,33,1.1747,1.393,0.9732,1.1597,7.833,8.6735,3.7609,4.2433,1.0739,60
5,3,8,4,12,1.2965,1.5032,0.8544,1.0534,8.1764,9.3956,2.7335,3.0662,1.0754,62
29,1,36,2,38,1.2726,1.4767,0.8788,1.1046,8.668,9.8386,3.2284,3.7004,1.0757,66
29,2,36,2,38,1.2726,1.4767,0.8788,1.1046,8.668,9.8386,3.2284,3.7004,1.0757,66
24,4,32,5,37,1.2635,1.4612,0.8905,1.0792,9.3452,10.3551,3.1922,3.702,1.077,60
21,0,28,0,28,1.401,1.6109,0.7551,0.9771,10.1576,11.7074,2.2204,3.0343,1.0781,85
14,4,20,5,25,1.2912,1.4912,0.8672,1.0973,8.5003,9.6213,2.9898,3.3751,1.0792,62
8,3,12,4,16,1.3137,1.5203,0.848,1.0409,9.1947,10.2631,2.9349,3.4528,1.0808,64
15,4,22,5,27,1.2582,1.4267,0.9048,1.0868,8.9256,10.1577,3.5111,4.136,1.0815,61
12,4,18,5,23,1.3113,1.5144,0.8524,1.0566,9.2471,10.2341,3.0475,3.4391,1.0819,62
21,5,28,6,34,1.3196,1.5097,0.8446,1.0189,9.3763,10.5165,3.0758,3.5861,1.0821,61
15,7,22,7,29,1.2771,1.4607,0.8901,1.1192,9.2728,10.3742,2.9234,3.3965,1.0836,63
15,6,22,7,29,1.2771,1.4607,0.8901,1.1192,9.2728,10.3742,2.9234,3.3965,1.0836,63
13,3,19,4,23,1.2751,1.5085,0.8924,1.1059,7.1876,8.3359,3.2542,3.6718,1.0837,62
5,5,8,6,14,1.2221,1.4311,0.946,1.1334,8.3261,9.5428,3.8209,4.2933,1.0841,64
27,0,34,0,34,1.2483,1.4687,0.9202,1.1366,9.2408,9.9244,3.1344,4.1687,1.0842,84
6,3,10,4,14,1.2326,1.4458,0.9372,1.1697,7.9116,8.9441,3.4782,4.1305,1.0849,64
7,5,11,6,17,1.3136,1.5257,0.8566,1.0366,8.9515,9.952,3.0906,3.6075,1.0851,64
19,0,26,0,26,1.2166,1.4079,0.9562,1.2056,8.4716,9.5147,3.6943,4.793,1.0864,81
20,0,26,0,26,1.2134,1.411,0.9596,1.2091,8.5742,9.5864,3.771,4.8339,1.0865,81
24,0,32,0,32,1.3129,1.4991,0.862,1.0777,9.4106,10.4036,2.4871,3.454,1.0875,78
11,4,17,5,22,1.2185,1.406,0.9572,1.1571,8.1481,9.6071,3.5827,4.1134,1.0879,64
24,6,32,7,39,1.3446,1.5364,0.8371,1.0194,10.1248,11.2375,2.9609,3.7076,1.0909,63
24,7,32,7,39,1.3446,1.5364,0.8371,1.0194,10.1248,11.2375,2.9609,3.7076,1.0909,63
11,5,17,6,23,1.3159,1.5266,0.8673,1.068,9.1054,10.2098,3.0066,3.4039,1.0916,61
34,0,40,0,40,1.242,1.4265,0.9427,1.1678,8.6153,9.6705,3.2862,4.4645,1.0924,97
22,1,29,2,31,1.3454,1.5381,0.8416,1.0692,10.6617,12.2035,2.3687,3.2262,1.0935,103
22,2,29,2,31,1.3454,1.5381,0.8416,1.0692,10.6617,12.2035,2.3687,3.2262,1.0935,103
5,7,8,7,15,1.2958,1.5008,0.8932,1.0896,8.6823,9.8757,3.5669,4.2578,1.0945,61
5,6,8,7,15,1.2958,1.5008,0.8932,1.0896,8.6823,9.8757,3.5669,4.2578,1.0945,61
23,4,30,5,35,1.3192,1.5277,0.8741,1.0571,8.8867,10.1911,2.8874,3.3874,1.0966,62
5,1,8,2,10,1.3263,1.5347,0.8697,1.0531,8.7769,9.9934,3.1168,3.577,1.098,63
5,2,8,2,10,1.3263,1.5347,0.8697,1.0531,8.7769,9.9934,3.1168,3.577,1.098,63
36,0,41,0,41,1.2787,1.4548,0.9183,1.1535,8.3509,9.4671,3.1854,4.3759,1.0985,102
26,0,33,0,33,1.3341,1.5224,0.8721,1.1624,11.0927,11.7938,2.8047,4.1845,1.1031,93
46,5,46,6,52,1.2741,1.4686,0.9337,1.1539,8.9744,10.2712,3.2401,3.8383,1.1039,61
45,5,46,6,52,1.2741,1.4686,0.9337,1.1539,8.9744,10.2712,3.2401,3.8383,1.1039,61
35,0,40,0,40,1.2552,1.4435,0.9558,1.1819,8.7352,9.7534,3.4344,4.6395,1.1055,97
20,3,26,4,30,1.3006,1.5021,0.9113,1.1633,9.0532,10.1821,3.1533,3.8427,1.106,136
46,3,46,4,50,1.3027,1.5034,0.9095,1.0801,8.7386,9.9926,3.3214,3.7567,1.1061,63
45,3,46,4,50,1.3027,1.5034,0.9095,1.0801,8.7386,9.9926,3.3214,3.7567,1.1061,63
28,3,35,4,39,1.3544,1.5473,0.8689,1.056,9.9729,11.1549,2.9757,3.5865,1.1116,63
8,0,12,0,12,1.2578,1.4788,0.974,1.2578,8.3953,9.2915,3.5503,4.9247,1.1159,82
30,4,38,5,43,1.3591,1.538,0.8763,1.1336,8.7787,10.0919,3.5234,4.1888,1.1177,68
12,5,18,6,24,1.2908,1.5108,0.9482,1.1629,8.7501,9.8799,3.7271,4.3358,1.1195,63
32,4,38,5,43,1.3539,1.5323,0.8853,1.1387,8.8279,10.1364,3.575,4.2425,1.1196,68
25,0,33,0,33,1.3812,1.5722,0.86,1.1539,11.741,12.3968,2.7959,4.2059,1.1206,94
20,2,26,2,28,1.3363,1.5461,0.9052,1.149,11.008,12.5065,2.5754,3.1316,1.1207,168
20,1,26,2,28,1.3363,1.5461,0.9052,1.149,11.008,12.5065,2.5754,3.1316,1.1207,168
8,6,12,7,19,1.3299,1.5169,0.9117,1.102,9.7548,11.0029,3.0982,3.6336,1.1208,64
8,7,12,7,19,1.3299,1.5169,0.9117,1.102,9.7548,11.0029,3.0982,3.6336,1.1208,64
31,4,38,5,43,1.3552,1.5356,0.8884,1.1415,8.8032,10.1046,3.6183,4.2696,1.1218,68
19,3,26,4,30,1.3281,1.5278,0.9182,1.1749,9.226,10.371,3.2255,3.9567,1.1232,136
19,1,26,2,28,1.3457,1.5557,0.9051,1.1559,10.8738,12.4905,2.7021,3.2219,1.1254,168
19,2,26,2,28,1.3457,1.5557,0.9051,1.1559,10.8738,12.4905,2.7021,3.2219,1.1254,168
28,5,35,6,41,1.304,1.4745,0.9528,1.1733,10.0433,11.3183,3.8511,4.3047,1.1284,66
27,3,34,4,38,1.3183,1.5332,0.9393,1.1378,8.9704,10.3793,3.5958,4.1659,1.1288,63
11,7,17,7,24,1.2634,1.4912,0.9967,1.2007,8.4913,9.4336,3.8738,4.4055,1.13,62
11,6,17,7,24,1.2634,1.4912,0.9967,1.2007,8.4913,9.4336,3.8738,4.4055,1.13,62
26,2,33,2,35,1.2783,1.4613,0.9859,1.2477,9.3558,10.4404,4.0354,4.8192,1.1321,109
26,1,33,2,35,1.2783,1.4613,0.9859,1.2477,9.3558,10.4404,4.0354,4.8192,1.1321,109
22,0,29,0,29,1.3882,1.5906,0.8785,1.1239,9.8607,11.1248,2.9765,3.8256,1.1334,85
29,4,36,5,41,1.3438,1.5093,0.9244,1.128,9.9548,11.1881,3.2599,3.965,1.1341,65
7,0,11,0,11,1.259,1.4987,1.0094,1.2804,8.8925,9.5894,3.3444,3.9661,1.1342,76
7,3,11,4,15,1.3567,1.5475,0.912,1.0878,10.1679,11.242,3.5212,4.1074,1.1343,62
46,2,46,2,48,1.3848,1.6038,0.888,1.1091,9.0249,10.8016,2.9269,3.6549,1.1364,74
45,1,46,2,48,1.3848,1.6038,0.888,1.1091,9.0249,10.8016,2.9269,3.6549,1.1364,74
45,2,46,2,48,1.3848,1.6038,0.888,1.1091,9.0249,10.8016,2.9269,3.6549,1.1364,74
46,1,46,2,48,1.3848,1.6038,0.888,1.1091,9.0249,10.8016,2.9269,3.6549,1.1364,74
17,2,25,2,27,1.3536,1.5655,0.9195,1.1788,9.7656,11.3015,3.1309,3.6879,1.1366,75
17,1,25,2,27,1.3536,1.5655,0.9195,1.1788,9.7656,11.3015,3.1309,3.6879,1.1366,75
6,4,10,5,15,1.3063,1.5089,0.9689,1.1615,8.7838,10.1857,3.8138,4.5701,1.1376,63
6,5,10,6,16,1.3024,1.4868,0.9744,1.1554,9.4883,10.842,3.7252,4.4205,1.1384,62
33,2,39,2,41,1.3357,1.5206,0.945,1.1522,9.293,10.5251,3.494,4.2433,1.1404,69
33,1,39,2,41,1.3357,1.5206,0.945,1.1522,9.293,10.5251,3.494,4.2433,1.1404,69
39,4,44,5,49,1.3247,1.5348,0.959,1.1533,9.3972,10.3366,3.7438,4.5247,1.1419,62
18,4,25,5,30,1.4432,1.6557,0.8528,1.0958,11.2565,12.7337,2.457,2.9837,1.148,125
38,1,43,2,45,1.3591,1.5721,0.9399,1.1742,9.8815,10.9844,3.1522,4.108,1.1495,105
38,2,43,2,45,1.3591,1.5721,0.9399,1.1742,9.8815,10.9844,3.1522,4.108,1.1495,105
38,5,43,6,49,1.3772,1.6068,0.9315,1.1668,10.3485,11.2317,3.7538,4.4119,1.1544,67
24,5,32,6,38,1.3416,1.5619,0.9706,1.1632,9.1701,10.5389,3.8726,4.3867,1.1561,63
10,0,15,0,15,1.3391,1.5185,0.9753,1.2345,10.3677,11.4438,4.2577,5.3359,1.1572,83
37,3,41,4,45,1.3668,1.545,0.953,1.1729,9.058,10.0203,3.4404,4.0642,1.1599,136
34,7,40,7,47,1.3983,1.6178,0.9302,1.1839,11.1215,12.2054,3.2228,3.7733,1.1642,88
34,6,40,7,47,1.3983,1.6178,0.9302,1.1839,11.1215,12.2054,3.2228,3.7733,1.1642,88
35,7,40,7,47,1.4004,1.6204,0.9294,1.184,11.1311,12.2531,3.2094,3.7376,1.1649,88
35,6,40,7,47,1.4004,1.6204,0.9294,1.184,11.1311,12.2531,3.2094,3.7376,1.1649,88
33,4,39,5,44,1.3618,1.5586,0.9684,1.1823,10.1269,11.6222,3.9606,4.5188,1.1651,68
13,4,19,5,24,1.4062,1.6351,0.9244,1.1541,10.1901,11.7148,3.5168,4.1095,1.1653,77
22,5,29,6,35,1.4199,1.6059,0.9139,1.1688,11.1222,12.121,3.0012,3.4368,1.1669,92
33,3,39,4,43,1.4314,1.6268,0.9043,1.1313,10.1055,11.3769,4.1918,4.7561,1.1678,68
43,6,45,7,52,1.3557,1.6018,0.9833,1.2356,9.2895,10.3535,3.5435,4.2123,1.1695,68
43,7,45,7,52,1.3557,1.6018,0.9833,1.2356,9.2895,10.3535,3.5435,4.2123,1.1695,68
11,3,17,4,21,1.414,1.5881,0.925,1.1564,11.302,12.3029,3.6129,4.3248,1.1695,69
24,3,32,4,36,1.4382,1.6487,0.9013,1.1667,10.2378,11.7888,3.2164,3.8694,1.1697,99
23,2,30,2,32,1.4469,1.6669,0.8988,1.1299,10.6277,12.2885,3.213,3.9117,1.1728,78
23,1,30,2,32,1.4469,1.6669,0.8988,1.1299,10.6277,12.2885,3.213,3.9117,1.1728,78
10,5,15,6,21,1.3357,1.5363,1.0117,1.2854,9.5675,11.2487,4.0808,4.8238,1.1737,80
29,7,36,7,43,1.4452,1.6336,0.9027,1.1225,10.4169,11.7929,3.935,4.5607,1.174,68
26,3,33,4,37,1.4207,1.6133,0.9274,1.1899,10.8388,12.2092,3.6514,4.2968,1.174,83
29,6,36,7,43,1.4452,1.6336,0.9027,1.1225,10.4169,11.7929,3.935,4.5607,1.174,68
44,7,45,7,52,1.3617,1.605,0.9872,1.2397,9.3558,10.4165,3.5703,4.2631,1.1744,68
44,6,45,7,52,1.3617,1.605,0.9872,1.2397,9.3558,10.4165,3.5703,4.2631,1.1744,68
43,3,45,4,49,1.4624,1.6644,0.8867,1.1219,11.8638,12.8639,3.3925,3.8008,1.1745,68
36,3,41,4,45,1.3804,1.5919,0.9687,1.1478,9.6802,11.3294,3.3453,3.8681,1.1746,74
14,3,20,4,24,1.491,1.7415,0.8602,1.0568,10.2759,12.2846,2.7776,3.3735,1.1756,87
44,3,45,4,49,1.4619,1.6658,0.8902,1.1243,11.844,12.8189,3.4226,3.8472,1.176,68
37,1,41,2,43,1.4407,1.6255,0.9175,1.1697,11.2061,12.2435,3.8958,4.4768,1.1791,78
37,2,41,2,43,1.4407,1.6255,0.9175,1.1697,11.2061,12.2435,3.8958,4.4768,1.1791,78
36,2,41,2,43,1.443,1.6276,0.9162,1.1691,11.2217,12.2847,3.8291,4.4394,1.1796,78
36,1,41,2,43,1.443,1.6276,0.9162,1.1691,11.2217,12.2847,3.8291,4.4394,1.1796,78
28,4,35,5,40,1.4033,1.6023,0.9578,1.1666,9.5314,11.1326,4.1036,4.5375,1.1805,66
41,1,44,2,46,1.5099,1.7089,0.8523,1.058,12.5757,13.5373,2.7934,3.5154,1.1811,72
40,1,44,2,46,1.5099,1.7089,0.8523,1.058,12.5757,13.5373,2.7934,3.5154,1.1811,72
40,2,44,2,46,1.5099,1.7089,0.8523,1.058,12.5757,13.5373,2.7934,3.5154,1.1811,72
41,2,44,2,46,1.5099,1.7089,0.8523,1.058,12.5757,13.5373,2.7934,3.5154,1.1811,72
25,4,33,5,38,1.3202,1.5182,1.0422,1.2587,9.3469,10.7969,4.3733,4.9596,1.1812,64
25,3,33,4,37,1.431,1.6321,0.9316,1.1944,11.1002,12.4503,3.7511,4.3728,1.1813,83
42,2,44,2,46,1.5093,1.7045,0.8557,1.0626,12.629,13.5487,2.8661,3.6107,1.1825,72
42,1,44,2,46,1.5093,1.7045,0.8557,1.0626,12.629,13.5487,2.8661,3.6107,1.1825,72
15,5,22,6,28,1.3908,1.6034,0.9774,1.2524,9.8987,11.1935,4.2485,5.2289,1.1841,76
35,2,40,2,42,1.4653,1.6661,0.9033,1.1359,12.0171,13.0897,2.8244,3.8066,1.1843,89
35,1,40,2,42,1.4653,1.6661,0.9033,1.1359,12.0171,13.0897,2.8244,3.8066,1.1843,89
26,4,33,5,38,1.3137,1.5135,1.0555,1.2715,9.3338,10.8171,4.3455,4.9952,1.1846,64
16,5,24,6,30,1.4782,1.6512,0.8916,1.0659,12.2923,13.4305,3.0263,3.6139,1.1849,70
34,1,40,2,42,1.4674,1.6675,0.9028,1.1403,12.1498,13.1959,2.8065,3.804,1.1851,89
34,2,40,2,42,1.4674,1.6675,0.9028,1.1403,12.1498,13.1959,2.8065,3.804,1.1851,89
25,1,33,2,35,1.3418,1.5464,1.0286,1.2877,10.1793,11.222,4.156,4.9177,1.1852,139
25,2,33,2,35,1.3418,1.5464,1.0286,1.2877,10.1793,11.222,4.156,4.9177,1.1852,139
8,4,12,5,17,1.4478,1.6701,0.9236,1.1074,10.9519,12.3899,3.3598,3.8409,1.1857,72
28,6,35,7,42,1.3772,1.5747,0.9944,1.2501,11.2824,12.4132,3.9186,4.6611,1.1858,222
28,7,35,7,42,1.3772,1.5747,0.9944,1.2501,11.2824,12.4132,3.9186,4.6611,1.1858,222
42,3,44,4,48,1.3997,1.6184,0.9734,1.1706,9.7324,10.8437,3.8467,4.4704,1.1865,66
39,1,44,2,46,1.5207,1.7172,0.8552,1.0614,12.6937,13.6604,2.8347,3.584,1.188,72
39,2,44,2,46,1.5207,1.7172,0.8552,1.0614,12.6937,13.6604,2.8347,3.584,1.188,72
41,3,44,4,48,1.4022,1.6213,0.9758,1.1741,9.8069,10.8994,3.8617,4.5012,1.189,66
40,3,44,4,48,1.4022,1.6213,0.9758,1.1741,9.8069,10.8994,3.8617,4.5012,1.189,66
39,3,44,4,48,1.4077,1.6249,0.973,1.1721,9.8817,10.9745,3.867,4.5107,1.1903,66
33,6,39,7,46,1.5082,1.6799,0.8741,1.1172,11.5006,12.8828,3.4487,3.9468,1.1911,72
33,7,39,7,46,1.5082,1.6799,0.8741,1.1172,11.5006,12.8828,3.4487,3.9468,1.1911,72
8,5,12,6,18,1.4452,1.632,0.9376,1.1485,11.7083,13.1841,3.6817,4.1617,1.1914,83
30,2,38,2,40,1.4267,1.6392,0.957,1.2335,10.2744,11.6899,3.6155,4.7176,1.1919,121
30,1,38,2,40,1.4267,1.6392,0.957,1.2335,10.2744,11.6899,3.6155,4.7176,1.1919,121
34,5,40,6,46,1.5083,1.7281,0.8813,1.1056,11.3473,12.6866,3.3078,3.6765,1.1948,73
32,1,38,2,40,1.4217,1.6406,0.9682,1.2496,10.2959,11.7449,3.7025,4.7893,1.195,121
32,2,38,2,40,1.4217,1.6406,0.9682,1.2496,10.2959,11.7449,3.7025,4.7893,1.195,121
37,5,41,6,47,1.4433,1.6564,0.9469,1.1637,10.1797,11.7382,3.7627,4.3902,1.1951,75
34,4,40,5,45,1.3756,1.5705,1.0153,1.2748,11.9493,12.948,3.999,4.7176,1.1955,105
23,3,30,4,34,1.4613,1.6669,0.9316,1.16,11.9888,13.2231,3.8026,4.4557,1.1964,76
13,2,19,2,21,1.4836,1.6834,0.91,1.1776,11.6552,12.7682,3.6159,4.2314,1.1968,78
13,1,19,2,21,1.4836,1.6834,0.91,1.1776,11.6552,12.7682,3.6159,4.2314,1.1968,78
36,5,41,6,47,1.4491,1.6598,0.9446,1.1642,10.3057,11.8451,3.7557,4.3764,1.1968,75
16,1,24,2,26,1.4954,1.6814,0.9034,1.1136,11.5122,12.7031,3.1875,3.8428,1.1994,77
16,2,24,2,26,1.4954,1.6814,0.9034,1.1136,11.5122,12.7031,3.1875,3.8428,1.1994,77
35,4,40,5,45,1.387,1.584,1.0122,1.2719,12.0282,13.0663,3.9638,4.6869,1.1996,105
17,6,25,7,32,1.4541,1.6658,0.9485,1.1839,10.2581,11.2239,2.75,3.2698,1.2013,138
17,7,25,7,32,1.4541,1.6658,0.9485,1.1839,10.2581,11.2239,2.75,3.2698,1.2013,138
18,1,25,2,27,1.4569,1.6344,0.9504,1.2178,11.515,12.7644,3.4895,4.1123,1.2036,82
18,2,25,2,27,1.4569,1.6344,0.9504,1.2178,11.515,12.7644,3.4895,4.1123,1.2036,82
38,4,43,5,48,1.4006,1.6314,1.0078,1.2381,9.8214,11.8466,4.0181,4.5092,1.2042,74
31,1,38,2,40,1.4318,1.6481,0.9768,1.2509,10.3412,11.8203,3.7147,4.8198,1.2043,121
31,2,38,2,40,1.4318,1.6481,0.9768,1.2509,10.3412,11.8203,3.7147,4.8198,1.2043,121
17,4,25,5,30,1.4704,1.6638,0.939,1.1553,11.9226,13.3231,2.8816,3.5918,1.2047,125
8,1,12,2,14,1.441,1.6567,0.9704,1.2308,11.6093,13.318,3.0377,3.7555,1.2057,246
8,2,12,2,14,1.441,1.6567,0.9704,1.2308,11.6093,13.318,3.0377,3.7555,1.2057,246
21,3,28,4,32,1.5243,1.7499,0.8872,1.1059,11.5222,13.0204,3.2936,3.8881,1.2058,78
15,3,22,4,26,1.4476,1.6371,0.9657,1.2211,9.7022,11.6335,3.8713,4.6938,1.2067,117
43,1,45,2,47,1.4794,1.6994,0.9347,1.2249,11.1446,12.6156,3.5297,4.1738,1.207,82
43,2,45,2,47,1.4794,1.6994,0.9347,1.2249,11.1446,12.6156,3.5297,4.1738,1.207,82
35,5,40,6,46,1.5356,1.7454,0.8802,1.0995,12.082,13.2866,3.2544,3.6604,1.2079,74
18,6,25,7,32,1.4769,1.6681,0.9401,1.1769,10.8577,12.1,2.7334,3.1064,1.2085,145
18,7,25,7,32,1.4769,1.6681,0.9401,1.1769,10.8577,12.1,2.7334,3.1064,1.2085,145
32,7,38,7,45,1.3887,1.5992,1.0321,1.2238,10.4431,11.6995,3.9715,4.5055,1.2104,74
32,6,38,7,45,1.3887,1.5992,1.0321,1.2238,10.4431,11.6995,3.9715,4.5055,1.2104,74
27,5,34,6,40,1.3748,1.5633,1.047,1.315,10.4948,11.546,4.181,4.8149,1.2109,120
31,6,38,7,45,1.3888,1.601,1.0383,1.2269,10.3947,11.6469,3.9908,4.5189,1.2136,74
31,7,38,7,45,1.3888,1.601,1.0383,1.2269,10.3947,11.6469,3.9908,4.5189,1.2136,74
33,5,39,6,45,1.351,1.539,1.0878,1.3458,10.1676,11.176,4.2154,4.8892,1.2194,105
30,6,38,7,45,1.3997,1.6145,1.0409,1.2281,10.6682,12.0379,3.9866,4.5533,1.2203,74
30,7,38,7,45,1.3997,1.6145,1.0409,1.2281,10.6682,12.0379,3.9866,4.5533,1.2203,74
29,3,36,4,40,1.3817,1.5751,1.0595,1.2811,10.1445,11.1106,4.5691,5.1745,1.2206,66
37,4,41,5,46,1.4066,1.5863,1.0371,1.2792,11.3941,12.4465,4.9086,5.6366,1.2218,72
36,4,41,5,46,1.4029,1.5845,1.041,1.2803,11.3902,12.4779,4.9046,5.6465,1.222,72
10,1,15,2,17,1.534,1.7485,0.9126,1.1482,12.3344,14.0007,3.0132,3.9381,1.2233,138
10,2,15,2,17,1.534,1.7485,0.9126,1.1482,12.3344,14.0007,3.0132,3.9381,1.2233,138
44,5,45,6,51,1.5421,1.723,0.9127,1.1493,12.5231,13.6998,3.0255,3.8441,1.2274,79
5,4,8,5,13,1.4568,1.6793,0.999,1.2342,11.0377,12.3267,3.8632,4.6456,1.2279,84
43,5,45,6,51,1.5472,1.7273,0.9111,1.1443,12.568,13.7404,3.0147,3.8128,1.2292,79
23,6,30,7,37,1.4641,1.6525,0.9979,1.2636,11.1212,12.6316,4.0541,4.6381,1.231,96
23,7,30,7,37,1.4641,1.6525,0.9979,1.2636,11.1212,12.6316,4.0541,4.6381,1.231,96
17,3,25,4,29,1.4778,1.6962,0.9848,1.2572,11.9222,13.5012,3.9129,4.5151,1.2313,136
13,5,19,6,25,1.5615,1.7866,0.9113,1.1703,11.9709,13.1974,2.9831,3.6772,1.2364,74
9,1,14,2,16,1.5769,1.8015,0.9011,1.1488,13.6666,15.2138,3.0259,3.7697,1.239,104
9,2,14,2,16,1.5769,1.8015,0.9011,1.1488,13.6666,15.2138,3.0259,3.7697,1.239,104
16,7,24,7,31,1.5146,1.745,0.9657,1.2095,11.5802,13.589,3.5151,4.1527,1.2401,93
16,6,24,7,31,1.5146,1.745,0.9657,1.2095,11.5802,13.589,3.5151,4.1527,1.2401,93
26,6,33,7,40,1.4647,1.696,1.0162,1.3125,10.1948,11.2387,4.1457,4.7803,1.2404,105
26,7,33,7,40,1.4647,1.696,1.0162,1.3125,10.1948,11.2387,4.1457,4.7803,1.2404,105
22,7,29,7,36,1.497,1.7096,0.9855,1.2655,10.8157,12.1437,4.2582,4.9811,1.2412,99
22,6,29,7,36,1.497,1.7096,0.9855,1.2655,10.8157,12.1437,4.2582,4.9811,1.2412,99
25,6,33,7,40,1.4791,1.7067,1.0109,1.3029,10.406,11.4979,4.0547,4.7694,1.245,105
25,7,33,7,40,1.4791,1.7067,1.0109,1.3029,10.406,11.4979,4.0547,4.7694,1.245,105
19,4,26,5,31,1.5717,1.7632,0.9286,1.1524,13.029,14.4387,3.4775,4.2121,1.2502,103
21,4,28,5,33,1.4442,1.6591,1.0572,1.3237,11.6514,12.9766,4.2676,4.9642,1.2507,77
44,4,45,5,50,1.513,1.7223,0.9964,1.2475,11.3487,12.8891,3.6405,4.141,1.2547,78
12,7,18,7,25,1.5558,1.7745,0.9559,1.2024,11.8586,13.3616,3.2009,3.8373,1.2558,73
12,6,18,7,25,1.5558,1.7745,0.9559,1.2024,11.8586,13.3616,3.2009,3.8373,1.2558,73
30,3,38,4,42,1.5272,1.751,0.9858,1.2193,12.2218,13.1509,3.8919,4.5321,1.2565,101
43,4,45,5,50,1.5158,1.7248,1.0022,1.255,11.4225,12.9638,3.7493,4.2575,1.259,78
38,6,43,7,50,1.5217,1.7331,0.9978,1.2543,10.7204,12.8877,3.5776,4.0027,1.2598,78
38,7,43,7,50,1.5217,1.7331,0.9978,1.2543,10.7204,12.8877,3.5776,4.0027,1.2598,78
7,2,11,2,13,1.5344,1.7671,0.9906,1.3163,11.994,13.6056,4.1842,4.8957,1.2625,111
7,1,11,2,13,1.5344,1.7671,0.9906,1.3163,11.994,13.6056,4.1842,4.8957,1.2625,111
39,5,44,6,50,1.4903,1.6836,1.0419,1.3314,10.2697,11.7959,4.0404,4.618,1.2661,110
40,5,44,6,50,1.4927,1.6882,1.0445,1.3367,10.2144,11.7606,4.0339,4.603,1.2686,110
41,5,44,6,50,1.4927,1.6882,1.0445,1.3367,10.2144,11.7606,4.0339,4.603,1.2686,110
18,3,25,4,29,1.5537,1.7775,0.9857,1.2763,11.7838,14.0215,3.9055,4.5296,1.2697,117
42,5,44,6,50,1.4951,1.6876,1.0446,1.3373,10.3604,11.8581,4.0378,4.6276,1.2698,110
37,6,41,7,48,1.5189,1.7481,1.0224,1.235,10.8625,12.3219,3.9172,4.5604,1.2706,75
37,7,41,7,48,1.5189,1.7481,1.0224,1.235,10.8625,12.3219,3.9172,4.5604,1.2706,75
36,6,41,7,48,1.5226,1.7509,1.0198,1.2343,10.9359,12.3991,3.9199,4.5704,1.2712,75
36,7,41,7,48,1.5226,1.7509,1.0198,1.2343,10.9359,12.3991,3.9199,4.5704,1.2712,75
27,7,34,7,41,1.5509,1.7195,0.9966,1.2426,12.8861,14.4089,4.1209,4.6232,1.2738,76
27,6,34,7,41,1.5509,1.7195,0.9966,1.2426,12.8861,14.4089,4.1209,4.6232,1.2738,76
20,4,26,5,31,1.6034,1.7935,0.9497,1.1675,13.6142,15.0545,3.5532,4.3242,1.2765,103
18,5,25,6,31,1.5586,1.7569,1.0057,1.2768,12.7484,14.2946,3.7316,4.7437,1.2821,138
31,3,38,4,42,1.5723,1.7848,0.9928,1.2369,12.5747,13.6393,3.9685,4.5891,1.2826,101
16,4,24,5,29,1.521,1.7306,1.0455,1.3049,11.735,13.1323,4.5081,5.1898,1.2832,116
32,3,38,4,42,1.581,1.792,0.9922,1.2383,12.718,13.825,3.9785,4.676,1.2866,101
21,6,28,7,35,1.5212,1.7366,1.08,1.4056,13.2257,14.3628,4.6774,5.4196,1.3006,92
21,7,28,7,35,1.5212,1.7366,1.08,1.4056,13.2257,14.3628,4.6774,5.4196,1.3006,92
42,4,44,5,49,1.5459,1.7641,1.0667,1.3289,11.9449,13.3207,4.3269,5.0693,1.3063,89
17,5,25,6,31,1.6064,1.8056,1.0109,1.2698,13.3694,15.0399,3.6124,4.5995,1.3087,138
19,5,26,6,32,1.6486,1.8357,0.9702,1.1906,13.0024,14.9881,3.6239,4.4316,1.3094,95
40,4,44,5,49,1.5533,1.7714,1.0703,1.3329,12.1018,13.4753,4.3725,5.1242,1.3118,89
41,4,44,5,49,1.5533,1.7714,1.0703,1.3329,12.1018,13.4753,4.3725,5.1242,1.3118,89
20,5,26,6,32,1.6408,1.8233,0.9896,1.2083,12.8203,14.8265,3.7606,4.588,1.3152,95
29,5,36,6,42,1.6564,1.8967,0.9886,1.2421,12.6287,14.0267,3.5482,4.054,1.3225,136
46,4,46,5,51,1.5583,1.7706,1.1065,1.3246,12.7102,14.2009,4.9592,5.5891,1.3324,85
45,4,46,5,51,1.5583,1.7706,1.1065,1.3246,12.7102,14.2009,4.9592,5.5891,1.3324,85
