top_x,top_y,n_sensor,n_demo,n_features,test_ohs_item_mae,test_ohs_item_rmse,test_sis_item_mae,test_sis_item_rmse,test_ohs_total_mae,test_ohs_total_rmse,test_sis_total_mae,test_sis_total_rmse,train_ohs_item_mae,train_ohs_item_rmse,train_sis_item_mae,train_sis_item_rmse,mean_test_item_mae,mean_train_item_mae,overfit_gap,epochs
14,0,20,0,20,1.1248,1.3334,0.7568,0.955,6.3204,7.1833,2.5904,2.9708,0.9057,1.071,0.8807,1.0832,0.9408,0.8932,0.0476,60
13,0,19,0,19,1.1298,1.3248,0.7551,0.9483,7.0138,7.8471,2.5675,2.9669,0.8988,1.0668,0.894,1.0934,0.9425,0.8964,0.046,60
18,0,25,0,25,1.1192,1.3772,0.7806,0.969,5.4129,6.5896,2.2562,2.9411,0.7597,0.9204,0.6961,0.9021,0.9499,0.7279,0.222,69
11,0,17,0,17,1.0983,1.3175,0.8222,1.0056,6.5497,7.3881,2.6725,3.4322,0.8229,0.9849,0.838,1.0256,0.9602,0.8305,0.1298,65
15,0,22,0,22,1.0864,1.3162,0.8701,1.1164,6.2124,7.2336,2.6705,3.3844,0.5929,0.7314,0.5984,0.7726,0.9782,0.5957,0.3826,92
30,0,38,0,38,1.1517,1.3487,0.8365,1.0555,7.95,8.7816,2.9049,3.4595,0.7624,0.9154,0.7289,0.9168,0.9941,0.7456,0.2485,68
45,0,46,0,46,1.1668,1.3599,0.8327,1.036,8.4149,9.2103,2.3835,3.3944,0.6027,0.7361,0.6111,0.802,0.9998,0.6069,0.3929,84
46,0,46,0,46,1.1668,1.3599,0.8327,1.036,8.4149,9.2103,2.3835,3.3944,0.6027,0.7361,0.6111,0.802,0.9998,0.6069,0.3929,84
29,0,36,0,36,1.1911,1.416,0.8093,1.0268,6.7185,7.936,2.4337,3.2107,0.7102,0.8593,0.6938,0.8664,1.0002,0.702,0.2982,69
23,0,30,0,30,1.0981,1.3178,0.9045,1.1012,6.3465,7.4685,2.6245,3.5984,0.6638,0.7991,0.5912,0.7616,1.0013,0.6275,0.3738,77
32,0,38,0,38,1.1875,1.3812,0.8401,1.0524,8.3619,9.3366,2.8366,3.5505,0.763,0.9166,0.7151,0.9035,1.0138,0.739,0.2748,68
12,2,18,2,20,1.2315,1.4442,0.7963,0.9946,7.1983,8.2787,2.6826,3.1386,0.9037,1.0708,0.8651,1.073,1.0139,0.8844,0.1295,60
12,1,18,2,20,1.2315,1.4442,0.7963,0.9946,7.1983,8.2787,2.6826,3.1386,0.9037,1.0708,0.8651,1.073,1.0139,0.8844,0.1295,60
44,0,45,0,45,1.1668,1.3846,0.8632,1.0825,7.3722,7.9174,2.578,3.3168,0.7603,0.9206,0.7231,0.8942,1.015,0.7417,0.2733,68
31,0,38,0,38,1.1865,1.3809,0.8485,1.0652,8.4461,9.3115,2.9128,3.5973,0.7665,0.9192,0.71,0.9015,1.0175,0.7382,0.2792,68
10,3,15,4,19,1.2216,1.4018,0.8149,1.0083,8.4246,9.5641,2.7452,3.138,0.8962,1.0607,0.8729,1.0678,1.0182,0.8846,0.1337,60
7,6,11,7,18,1.1879,1.3876,0.8561,1.0354,8.3475,9.4362,3.2228,3.7424,0.8452,1.0008,0.8367,1.0437,1.022,0.8409,0.1811,64
7,7,11,7,18,1.1879,1.3876,0.8561,1.0354,8.3475,9.4362,3.2228,3.7424,0.8452,1.0008,0.8367,1.0437,1.022,0.8409,0.1811,64
9,5,14,6,20,1.2097,1.4239,0.8351,1.0314,7.1124,8.1834,2.9898,3.4064,0.894,1.0611,0.8669,1.0743,1.0224,0.8804,0.142,60
13,6,19,7,26,1.2365,1.415,0.8088,0.985,7.8173,8.9218,2.7855,3.1021,0.9146,1.0793,0.8684,1.0464,1.0227,0.8915,0.1312,61
13,7,19,7,26,1.2365,1.415,0.8088,0.985,7.8173,8.9218,2.7855,3.1021,0.9146,1.0793,0.8684,1.0464,1.0227,0.8915,0.1312,61
28,0,35,0,35,1.0925,1.2796,0.9576,1.184,8.1461,8.8506,3.7121,4.8994,0.5982,0.7274,0.5261,0.7297,1.025,0.5622,0.4629,91
43,0,45,0,45,1.1874,1.4007,0.8644,1.082,7.7828,8.2896,2.656,3.4342,0.7596,0.9202,0.7233,0.8952,1.0259,0.7415,0.2844,68
12,0,18,0,18,1.2253,1.4144,0.8306,1.0641,9.8287,10.6611,2.6876,3.6752,0.5667,0.6895,0.5363,0.7071,1.0279,0.5515,0.4764,108
27,1,34,2,36,1.2692,1.4627,0.7916,0.9578,8.862,10.0607,2.7771,3.1965,0.8443,1.0107,0.8733,1.0525,1.0304,0.8588,0.1716,61
27,2,34,2,36,1.2692,1.4627,0.7916,0.9578,8.862,10.0607,2.7771,3.1965,0.8443,1.0107,0.8733,1.0525,1.0304,0.8588,0.1716,61
10,6,15,7,22,1.2598,1.4627,0.8026,0.982,8.7803,10.016,2.8,3.1904,0.8397,1.0008,0.8785,1.0515,1.0312,0.8591,0.1721,62
10,7,15,7,22,1.2598,1.4627,0.8026,0.982,8.7803,10.016,2.8,3.1904,0.8397,1.0008,0.8785,1.0515,1.0312,0.8591,0.1721,62
10,4,15,5,20,1.2466,1.463,0.8197,1.0158,7.481,8.4965,2.8361,3.1817,0.8932,1.0592,0.8752,1.0812,1.0331,0.8842,0.1489,60
16,3,24,4,28,1.2493,1.4504,0.8206,1.0196,8.3096,9.3031,2.7718,3.191,0.8737,1.0377,0.8157,0.986,1.035,0.8447,0.1903,62
36,0,41,0,41,1.2561,1.4193,0.8179,1.0103,8.5667,9.5056,2.9666,3.5822,0.7725,0.9333,0.6665,0.8511,1.037,0.7195,0.3175,68
7,4,11,5,16,1.2337,1.4294,0.8407,1.0018,8.2667,9.4349,2.9813,3.5683,0.8686,1.0365,0.816,0.9826,1.0372,0.8423,0.1949,62
10,5,15,6,21,1.2164,1.4196,0.8589,1.0298,7.827,9.1316,2.9461,3.3747,0.7951,0.9615,0.8083,0.9722,1.0377,0.8017,0.236,64
28,2,35,2,37,1.2182,1.4079,0.8595,1.0599,8.6822,9.548,2.8837,3.4716,0.8437,1.0137,0.8185,1.0183,1.0389,0.8311,0.2078,61
28,1,35,2,37,1.2182,1.4079,0.8595,1.0599,8.6822,9.548,2.8837,3.4716,0.8437,1.0137,0.8185,1.0183,1.0389,0.8311,0.2078,61
9,3,14,4,18,1.2683,1.4797,0.8097,0.9833,9.5983,10.7214,2.7537,3.0972,0.7209,0.8685,0.7242,0.9148,1.039,0.7226,0.3164,68
37,0,41,0,41,1.2567,1.4213,0.8214,1.0137,8.5865,9.5,3.0153,3.6246,0.774,0.9343,0.668,0.852,1.0391,0.721,0.3181,68
38,0,43,0,43,1.2255,1.4373,0.8577,1.0761,7.3043,8.4551,3.085,3.9299,0.7269,0.8866,0.7012,0.8845,1.0416,0.7141,0.3275,68
34,0,40,0,40,1.158,1.3631,0.9254,1.1537,6.5696,7.6377,3.2224,4.2624,0.5077,0.6305,0.5096,0.6665,1.0417,0.5087,0.533,122
5,0,8,0,8,1.2478,1.4761,0.8365,1.0208,8.1641,9.2456,2.7028,3.3349,0.7989,0.9598,0.7263,0.9259,1.0422,0.7626,0.2795,68
14,2,20,2,22,1.2665,1.4787,0.8209,1.0227,9.4493,10.598,2.8176,3.1013,0.8261,0.9861,0.8826,1.0668,1.0437,0.8544,0.1893,62
14,1,20,2,22,1.2665,1.4787,0.8209,1.0227,9.4493,10.598,2.8176,3.1013,0.8261,0.9861,0.8826,1.0668,1.0437,0.8544,0.1893,62
16,0,24,0,24,1.2165,1.4075,0.8718,1.1154,8.6952,9.7889,2.5844,3.7614,0.5809,0.7139,0.5912,0.7565,1.0442,0.5861,0.4581,91
6,2,10,2,12,1.2853,1.4843,0.8044,1.0003,8.6561,9.7845,2.5596,2.9998,0.8524,1.0216,0.8733,1.0877,1.0449,0.8628,0.182,63
6,1,10,2,12,1.2853,1.4843,0.8044,1.0003,8.6561,9.7845,2.5596,2.9998,0.8524,1.0216,0.8733,1.0877,1.0449,0.8628,0.182,63
14,5,20,6,26,1.2191,1.4013,0.8736,1.0587,7.7854,9.1132,3.1833,3.7031,0.9127,1.0797,0.8611,1.0363,1.0464,0.8869,0.1595,61
5,5,8,6,14,1.1932,1.3919,0.9014,1.0691,8.0619,9.3097,3.3799,3.9126,0.8802,1.0418,0.8758,1.0465,1.0473,0.878,0.1693,62
34,3,40,4,44,1.2762,1.458,0.8227,1.0486,8.9311,9.9787,2.893,3.2888,0.8546,1.0313,0.8705,1.08,1.0495,0.8625,0.1869,61
35,3,40,4,44,1.2773,1.4589,0.822,1.0478,8.9555,9.9974,2.8922,3.288,0.8552,1.0323,0.8708,1.0797,1.0496,0.863,0.1866,61
30,5,38,6,44,1.2852,1.4866,0.8165,1.0147,8.9479,10.1163,2.6969,3.1384,0.8478,1.0277,0.8685,1.0633,1.0509,0.8581,0.1927,61
29,6,36,7,43,1.3122,1.5022,0.7901,0.9443,9.1654,10.3203,2.844,3.2066,0.8456,1.0139,0.8894,1.072,1.0512,0.8675,0.1837,61
29,7,36,7,43,1.3122,1.5022,0.7901,0.9443,9.1654,10.3203,2.844,3.2066,0.8456,1.0139,0.8894,1.072,1.0512,0.8675,0.1837,61
31,5,38,6,44,1.2828,1.4849,0.8207,1.0186,8.9153,10.0682,2.6923,3.1537,0.8491,1.0293,0.8678,1.0626,1.0518,0.8585,0.1933,61
17,0,25,0,25,1.1826,1.4031,0.9229,1.1221,7.2694,8.3037,2.5587,3.7714,0.5599,0.6898,0.5103,0.6761,1.0527,0.5351,0.5177,108
32,5,38,6,44,1.2873,1.4893,0.8212,1.019,8.9818,10.1301,2.6879,3.1566,0.8468,1.0261,0.8665,1.0624,1.0542,0.8566,0.1976,61
12,3,18,4,22,1.2475,1.4398,0.8624,1.0279,9.465,10.666,3.0499,3.4466,0.8574,1.0266,0.8695,1.055,1.0549,0.8635,0.1915,62
33,0,39,0,39,1.2709,1.4519,0.8414,1.1207,8.8932,9.6528,2.4174,3.3887,0.5078,0.6345,0.4982,0.6582,1.0562,0.503,0.5532,123
39,0,44,0,44,1.2338,1.4418,0.8836,1.0483,8.3306,9.4298,2.8835,3.756,0.7047,0.8669,0.6937,0.8743,1.0587,0.6992,0.3595,70
12,4,18,5,23,1.2884,1.4832,0.8292,1.0028,8.9896,9.9929,2.9961,3.4261,0.8713,1.0493,0.8309,0.9971,1.0588,0.8511,0.2077,61
9,7,14,7,21,1.272,1.4706,0.8505,1.0374,8.42,9.6976,3.0307,3.3912,0.8511,1.023,0.8699,1.0652,1.0613,0.8605,0.2008,61
9,6,14,7,21,1.272,1.4706,0.8505,1.0374,8.42,9.6976,3.0307,3.3912,0.8511,1.023,0.8699,1.0652,1.0613,0.8605,0.2008,61
41,0,44,0,44,1.236,1.442,0.8886,1.0555,8.3484,9.4912,2.9048,3.8136,0.705,0.8656,0.6935,0.8753,1.0623,0.6993,0.363,70
40,0,44,0,44,1.236,1.442,0.8886,1.0555,8.3484,9.4912,2.9048,3.8136,0.705,0.8656,0.6935,0.8753,1.0623,0.6993,0.363,70
38,5,43,6,49,1.2538,1.4726,0.8727,1.0379,8.4044,9.4482,3.1432,3.66,0.8413,0.9947,0.8826,1.0639,1.0632,0.862,0.2013,61
34,6,40,7,47,1.3078,1.5403,0.8204,1.0036,8.7168,9.8893,2.946,3.3683,0.7827,0.9473,0.7712,0.9618,1.0641,0.777,0.2871,67
34,7,40,7,47,1.3078,1.5403,0.8204,1.0036,8.7168,9.8893,2.946,3.3683,0.7827,0.9473,0.7712,0.9618,1.0641,0.777,0.2871,67
35,0,40,0,40,1.1991,1.408,0.9325,1.1569,7.6658,8.6098,3.397,4.3404,0.5168,0.6335,0.4943,0.6561,1.0658,0.5056,0.5602,124
35,6,40,7,47,1.3111,1.5426,0.8213,1.0047,8.7637,9.9763,2.9523,3.3741,0.7836,0.9479,0.7718,0.9606,1.0662,0.7777,0.2885,67
35,7,40,7,47,1.3111,1.5426,0.8213,1.0047,8.7637,9.9763,2.9523,3.3741,0.7836,0.9479,0.7718,0.9606,1.0662,0.7777,0.2885,67
24,0,32,0,32,1.3155,1.5037,0.8178,1.029,9.7724,10.7201,2.5527,3.1222,0.7826,0.9611,0.7751,0.9594,1.0666,0.7789,0.2878,66
26,0,33,0,33,1.2758,1.4662,0.862,1.1187,9.1364,9.7027,2.8985,3.8114,0.6924,0.8395,0.6061,0.7725,1.0689,0.6492,0.4196,77
19,4,26,5,31,1.2864,1.4821,0.8561,1.0544,9.0805,10.3438,3.042,3.5265,0.8354,0.9977,0.8306,1.0335,1.0713,0.833,0.2383,61
42,0,44,0,44,1.2515,1.4563,0.8913,1.0604,8.5488,9.6919,2.928,3.8473,0.7063,0.8676,0.691,0.8754,1.0714,0.6987,0.3727,70
21,1,28,2,30,1.2668,1.4569,0.8764,1.055,9.0398,10.0316,3.1474,3.7709,0.8267,0.9826,0.849,1.0507,1.0716,0.8378,0.2337,61
21,2,28,2,30,1.2668,1.4569,0.8764,1.055,9.0398,10.0316,3.1474,3.7709,0.8267,0.9826,0.849,1.0507,1.0716,0.8378,0.2337,61
5,3,8,4,12,1.2962,1.5059,0.8484,1.0494,8.4031,9.6104,2.7798,3.1079,0.8686,1.0335,0.8976,1.1044,1.0723,0.8831,0.1892,62
6,6,10,7,17,1.3238,1.5304,0.8209,1.0105,9.7864,10.8314,2.5225,2.9459,0.8154,0.9847,0.802,0.9886,1.0723,0.8087,0.2636,65
6,7,10,7,17,1.3238,1.5304,0.8209,1.0105,9.7864,10.8314,2.5225,2.9459,0.8154,0.9847,0.802,0.9886,1.0723,0.8087,0.2636,65
25,0,33,0,33,1.2977,1.4894,0.8496,1.1095,9.4668,9.9663,2.7825,3.8484,0.6884,0.8336,0.6126,0.7772,1.0737,0.6505,0.4232,77
21,0,28,0,28,1.3323,1.5496,0.8153,1.0157,9.5288,10.6359,2.1851,3.1728,0.645,0.7831,0.6038,0.7687,1.0738,0.6244,0.4494,85
29,2,36,2,38,1.3005,1.4934,0.8477,1.0581,9.4483,10.6326,2.9838,3.4797,0.7834,0.944,0.755,0.9451,1.0741,0.7692,0.3049,66
29,1,36,2,38,1.3005,1.4934,0.8477,1.0581,9.4483,10.6326,2.9838,3.4797,0.7834,0.944,0.755,0.9451,1.0741,0.7692,0.3049,66
11,5,17,6,23,1.2834,1.491,0.8674,1.0421,8.5911,9.701,2.9917,3.4886,0.8681,1.0388,0.8653,1.0535,1.0754,0.8667,0.2087,61
21,5,28,6,34,1.3277,1.5149,0.8233,1.0092,9.4692,10.7176,3.0004,3.4743,0.8471,1.0133,0.841,1.0239,1.0755,0.8441,0.2314,61
20,0,26,0,26,1.2308,1.4371,0.9214,1.1662,9.0261,10.1392,3.4024,4.2816,0.6004,0.7356,0.5755,0.7491,1.0761,0.588,0.4882,92
16,5,24,6,30,1.3161,1.4813,0.8373,0.9909,10.0475,11.1785,2.8108,3.3185,0.8413,0.996,0.8448,1.0443,1.0767,0.8431,0.2336,61
38,3,43,4,47,1.265,1.4768,0.8889,1.0329,8.7139,9.7175,3.1963,3.672,0.861,1.0212,0.868,1.0417,1.0769,0.8645,0.2124,62
22,2,29,2,31,1.323,1.5205,0.8341,1.0359,9.9189,11.1605,2.7947,3.2379,0.7717,0.9335,0.7863,0.9801,1.0785,0.779,0.2995,64
22,1,29,2,31,1.323,1.5205,0.8341,1.0359,9.9189,11.1605,2.7947,3.2379,0.7717,0.9335,0.7863,0.9801,1.0785,0.779,0.2995,64
20,4,26,5,31,1.2969,1.4928,0.8625,1.0611,9.2841,10.5559,3.0987,3.577,0.8367,0.9997,0.8228,1.0261,1.0797,0.8298,0.2499,61
20,7,26,7,33,1.1825,1.3981,0.977,1.1717,8.0165,8.801,3.7383,4.2692,0.8678,1.0112,0.8078,0.9908,1.0798,0.8378,0.242,60
20,6,26,7,33,1.1825,1.3981,0.977,1.1717,8.0165,8.801,3.7383,4.2692,0.8678,1.0112,0.8078,0.9908,1.0798,0.8378,0.242,60
19,0,26,0,26,1.2391,1.4453,0.9227,1.1741,9.0984,10.2869,3.4789,4.4403,0.6012,0.74,0.5817,0.753,1.0809,0.5915,0.4894,92
15,6,22,7,29,1.2699,1.4627,0.8964,1.102,8.9629,9.976,2.936,3.4725,0.8062,0.9652,0.8268,1.0148,1.0831,0.8165,0.2666,63
15,7,22,7,29,1.2699,1.4627,0.8964,1.102,8.9629,9.976,2.936,3.4725,0.8062,0.9652,0.8268,1.0148,1.0831,0.8165,0.2666,63
19,6,26,7,33,1.185,1.4008,0.9866,1.1788,8.0864,8.8687,3.7895,4.3683,0.8657,1.0098,0.8087,0.9907,1.0858,0.8372,0.2486,60
19,7,26,7,33,1.185,1.4008,0.9866,1.1788,8.0864,8.8687,3.7895,4.3683,0.8657,1.0098,0.8087,0.9907,1.0858,0.8372,0.2486,60
17,4,25,5,30,1.3022,1.4726,0.8712,1.0361,9.9562,11.0099,2.9098,3.5031,0.8648,1.0216,0.8612,1.058,1.0867,0.863,0.2237,61
45,1,46,2,48,1.29,1.5033,0.8848,1.1385,8.901,10.6618,3.1551,4.1673,0.5908,0.7416,0.6083,0.7805,1.0874,0.5995,0.4879,86
45,2,46,2,48,1.29,1.5033,0.8848,1.1385,8.901,10.6618,3.1551,4.1673,0.5908,0.7416,0.6083,0.7805,1.0874,0.5995,0.4879,86
46,1,46,2,48,1.29,1.5033,0.8848,1.1385,8.901,10.6618,3.1551,4.1673,0.5908,0.7416,0.6083,0.7805,1.0874,0.5995,0.4879,86
46,2,46,2,48,1.29,1.5033,0.8848,1.1385,8.901,10.6618,3.1551,4.1673,0.5908,0.7416,0.6083,0.7805,1.0874,0.5995,0.4879,86
16,4,24,5,29,1.3017,1.4698,0.8733,1.0514,9.6585,10.6533,3.1626,3.6041,0.8644,1.0407,0.8049,0.9749,1.0875,0.8346,0.2528,62
22,4,29,5,34,1.3051,1.4835,0.8715,1.043,9.3936,10.6465,3.3165,3.8699,0.8718,1.0421,0.8163,0.9983,1.0883,0.844,0.2443,61
13,2,19,2,21,1.3286,1.5181,0.8498,1.0504,9.029,10.2295,3.1014,3.5624,0.8288,0.9994,0.8561,1.0493,1.0892,0.8424,0.2468,62
13,1,19,2,21,1.3286,1.5181,0.8498,1.0504,9.029,10.2295,3.1014,3.5624,0.8288,0.9994,0.8561,1.0493,1.0892,0.8424,0.2468,62
10,1,15,2,17,1.3489,1.5633,0.8312,0.9974,9.4155,10.7042,2.7896,3.1185,0.8215,0.9854,0.8605,1.0416,1.09,0.841,0.249,65
10,2,15,2,17,1.3489,1.5633,0.8312,0.9974,9.4155,10.7042,2.7896,3.1185,0.8215,0.9854,0.8605,1.0416,1.09,0.841,0.249,65
11,4,17,5,22,1.2505,1.4399,0.9345,1.1203,8.8414,10.213,3.5344,3.9713,0.8031,0.9693,0.817,1.0026,1.0925,0.81,0.2825,64
5,2,8,2,10,1.3217,1.5222,0.8648,1.0505,9.1822,10.3588,3.1926,3.6659,0.8721,1.0457,0.8832,1.09,1.0932,0.8776,0.2156,61
5,1,8,2,10,1.3217,1.5222,0.8648,1.0505,9.1822,10.3588,3.1926,3.6659,0.8721,1.0457,0.8832,1.09,1.0932,0.8776,0.2156,61
15,4,22,5,27,1.2838,1.4512,0.9031,1.0871,9.3369,10.5525,3.4058,4.0217,0.8737,1.0496,0.8755,1.0571,1.0935,0.8746,0.2189,61
7,5,11,6,17,1.3408,1.5561,0.8507,1.0431,9.5468,10.4825,3.046,3.494,0.8709,1.0408,0.8458,1.0404,1.0958,0.8584,0.2374,64
5,6,8,7,15,1.2959,1.5014,0.8998,1.0872,8.5868,9.8256,3.5481,4.1888,0.8706,1.0346,0.8767,1.0841,1.0978,0.8736,0.2242,61
5,7,8,7,15,1.2959,1.5014,0.8998,1.0872,8.5868,9.8256,3.5481,4.1888,0.8706,1.0346,0.8767,1.0841,1.0978,0.8736,0.2242,61
6,4,10,5,15,1.2768,1.4697,0.9218,1.0939,8.7701,10.0148,3.5387,4.13,0.8669,1.0317,0.8606,1.0377,1.0993,0.8637,0.2356,61
27,0,34,0,34,1.3061,1.501,0.8939,1.1115,10.2819,11.1693,3.0162,3.7942,0.6553,0.801,0.5991,0.7904,1.1,0.6272,0.4728,79
29,4,36,5,41,1.3164,1.4987,0.8838,1.0584,9.0744,10.3239,3.2237,3.7848,0.861,1.0342,0.7769,0.9594,1.1001,0.8189,0.2811,61
24,4,32,5,37,1.2999,1.5066,0.9053,1.1052,9.7526,10.5929,3.4381,4.1221,0.8388,1.0042,0.8417,1.0516,1.1026,0.8402,0.2623,60
32,2,38,2,40,1.3031,1.5216,0.9067,1.1826,9.3833,10.2405,3.0234,4.0087,0.4813,0.6003,0.4819,0.639,1.1049,0.4816,0.6233,168
32,1,38,2,40,1.3031,1.5216,0.9067,1.1826,9.3833,10.2405,3.0234,4.0087,0.4813,0.6003,0.4819,0.639,1.1049,0.4816,0.6233,168
6,5,10,6,16,1.2587,1.4562,0.9514,1.1147,8.8287,10.0648,3.6273,4.1723,0.8715,1.0434,0.8229,1.0138,1.1051,0.8472,0.2578,62
9,0,14,0,14,1.241,1.4826,0.9697,1.1868,8.9317,9.4123,3.5039,4.3135,0.6456,0.7981,0.6181,0.81,1.1053,0.6318,0.4735,86
8,0,12,0,12,1.2743,1.5029,0.9377,1.209,8.3362,9.6475,3.3727,4.5367,0.7447,0.9111,0.7277,0.9248,1.106,0.7362,0.3698,73
30,1,38,2,40,1.2921,1.5054,0.9231,1.2026,9.1579,10.1435,3.1503,4.198,0.4811,0.6009,0.4813,0.6381,1.1076,0.4812,0.6264,168
30,2,38,2,40,1.2921,1.5054,0.9231,1.2026,9.1579,10.1435,3.1503,4.198,0.4811,0.6009,0.4813,0.6381,1.1076,0.4812,0.6264,168
6,0,10,0,10,1.355,1.5482,0.8618,1.0791,10.2206,11.2283,2.9039,3.8001,0.7219,0.8745,0.6707,0.8516,1.1084,0.6963,0.4121,78
11,1,17,2,19,1.3882,1.6061,0.8415,1.0821,10.5851,11.9082,2.6197,3.0283,0.7493,0.9116,0.6978,0.9133,1.1149,0.7235,0.3913,68
11,2,17,2,19,1.3882,1.6061,0.8415,1.0821,10.5851,11.9082,2.6197,3.0283,0.7493,0.9116,0.6978,0.9133,1.1149,0.7235,0.3913,68
11,3,17,4,21,1.3499,1.53,0.8808,1.0641,10.2563,11.2144,3.2506,3.7912,0.7579,0.9149,0.7928,0.9705,1.1154,0.7754,0.34,66
24,6,32,7,39,1.394,1.5783,0.8426,1.0269,11.2733,12.4251,2.9274,3.4749,0.7357,0.9016,0.7052,0.9029,1.1183,0.7204,0.3979,68
24,7,32,7,39,1.394,1.5783,0.8426,1.0269,11.2733,12.4251,2.9274,3.4749,0.7357,0.9016,0.7052,0.9029,1.1183,0.7204,0.3979,68
7,3,11,4,15,1.3137,1.5039,0.9241,1.105,9.7535,10.7923,3.5732,4.1822,0.8841,1.0386,0.8773,1.0637,1.1189,0.8807,0.2382,61
10,0,15,0,15,1.3265,1.5159,0.9151,1.1397,10.4377,11.523,3.8791,4.8916,0.6823,0.8334,0.6515,0.8285,1.1208,0.6669,0.4539,77
24,1,32,2,34,1.3843,1.5599,0.8577,1.0532,11.0466,12.232,3.0429,3.6713,0.7445,0.9088,0.6825,0.8767,1.121,0.7135,0.4075,68
24,2,32,2,34,1.3843,1.5599,0.8577,1.0532,11.0466,12.232,3.0429,3.6713,0.7445,0.9088,0.6825,0.8767,1.121,0.7135,0.4075,68
19,5,26,6,32,1.3313,1.5351,0.9139,1.083,9.9969,11.2925,3.2071,3.7334,0.7978,0.9574,0.801,1.0103,1.1226,0.7994,0.3232,64
20,5,26,6,32,1.3291,1.5324,0.9167,1.0852,9.9886,11.2621,3.2371,3.7618,0.7945,0.9557,0.7979,1.0048,1.1229,0.7962,0.3267,64
32,4,38,5,43,1.3773,1.5998,0.875,1.1283,9.3645,11.0683,3.3176,3.8468,0.6695,0.8171,0.6791,0.8474,1.1262,0.6743,0.4519,73
31,4,38,5,43,1.376,1.6005,0.8768,1.1307,9.3077,11.0521,3.3538,3.8916,0.6709,0.8195,0.6841,0.8491,1.1264,0.6775,0.4489,73
44,5,45,6,51,1.4016,1.6104,0.8519,1.0549,10.4225,11.5727,2.5456,3.1003,0.7512,0.9445,0.6991,0.868,1.1268,0.7252,0.4016,68
34,2,40,2,42,1.4397,1.6278,0.8166,1.0205,11.2158,12.2953,2.649,3.3778,0.7487,0.9163,0.665,0.8481,1.1281,0.7068,0.4213,68
34,1,40,2,42,1.4397,1.6278,0.8166,1.0205,11.2158,12.2953,2.649,3.3778,0.7487,0.9163,0.665,0.8481,1.1281,0.7068,0.4213,68
43,5,45,6,51,1.4097,1.618,0.8511,1.0514,10.5661,11.6965,2.5447,3.0976,0.75,0.9433,0.699,0.8685,1.1304,0.7245,0.406,68
35,2,40,2,42,1.4409,1.6281,0.8222,1.0252,11.2016,12.2912,2.7265,3.4391,0.7475,0.9151,0.6656,0.8473,1.1316,0.7066,0.425,68
35,1,40,2,42,1.4409,1.6281,0.8222,1.0252,11.2016,12.2912,2.7265,3.4391,0.7475,0.9151,0.6656,0.8473,1.1316,0.7066,0.425,68
27,3,34,4,38,1.3368,1.5365,0.9269,1.123,9.3294,10.6757,3.5149,4.0834,0.7807,0.9361,0.7753,0.9741,1.1319,0.778,0.3539,65
30,4,38,5,43,1.3967,1.6147,0.8675,1.1139,9.5483,11.2058,3.3031,3.8342,0.6708,0.8198,0.6817,0.8498,1.1321,0.6763,0.4558,73
33,5,39,6,45,1.3247,1.5277,0.9432,1.2009,9.7965,10.8979,3.1692,3.6486,0.6396,0.7817,0.5943,0.7764,1.1339,0.617,0.5169,85
43,6,45,7,52,1.289,1.5299,0.9796,1.221,9.0108,9.8863,3.6347,4.2486,0.7835,0.9595,0.7033,0.8657,1.1343,0.7434,0.3909,64
43,7,45,7,52,1.289,1.5299,0.9796,1.221,9.0108,9.8863,3.6347,4.2486,0.7835,0.9595,0.7033,0.8657,1.1343,0.7434,0.3909,64
27,4,34,5,39,1.3947,1.5672,0.8763,1.0649,11.6123,12.4169,2.9983,3.6724,0.7624,0.9277,0.7341,0.9408,1.1355,0.7483,0.3872,69
44,6,45,7,52,1.291,1.5295,0.9807,1.2228,9.0379,9.9081,3.6499,4.2632,0.7857,0.9615,0.7026,0.8653,1.1358,0.7442,0.3916,64
44,7,45,7,52,1.291,1.5295,0.9807,1.2228,9.0379,9.9081,3.6499,4.2632,0.7857,0.9615,0.7026,0.8653,1.1358,0.7442,0.3916,64
22,0,29,0,29,1.3887,1.6012,0.8868,1.1316,9.9148,11.5871,2.9104,3.7649,0.6229,0.7638,0.5711,0.7262,1.1378,0.597,0.5408,91
9,4,14,5,19,1.3685,1.5742,0.9193,1.1421,10.1348,11.3947,3.3611,3.8388,0.7879,0.9544,0.7054,0.9076,1.1439,0.7467,0.3972,68
8,4,12,5,17,1.3912,1.5994,0.9004,1.0858,10.3693,11.7799,3.0052,3.4486,0.8057,0.9684,0.7938,0.9731,1.1458,0.7997,0.3461,67
25,5,33,6,39,1.3852,1.5735,0.9076,1.0885,10.8849,11.9779,3.3995,3.9926,0.7611,0.9309,0.7686,0.9626,1.1464,0.7648,0.3816,68
25,1,33,2,35,1.3589,1.565,0.934,1.1352,10.0758,11.4516,3.6575,4.3525,0.6869,0.8304,0.6609,0.8414,1.1464,0.6739,0.4725,78
25,2,33,2,35,1.3589,1.565,0.934,1.1352,10.0758,11.4516,3.6575,4.3525,0.6869,0.8304,0.6609,0.8414,1.1464,0.6739,0.4725,78
38,1,43,2,45,1.3878,1.6066,0.9051,1.1334,10.7025,11.8258,3.119,3.9794,0.624,0.7686,0.5965,0.7708,1.1465,0.6103,0.5362,85
38,2,43,2,45,1.3878,1.6066,0.9051,1.1334,10.7025,11.8258,3.119,3.9794,0.624,0.7686,0.5965,0.7708,1.1465,0.6103,0.5362,85
26,2,33,2,35,1.3755,1.5804,0.9236,1.122,10.3693,11.6618,3.614,4.3025,0.681,0.8254,0.6618,0.8408,1.1495,0.6714,0.4781,78
26,1,33,2,35,1.3755,1.5804,0.9236,1.122,10.3693,11.6618,3.614,4.3025,0.681,0.8254,0.6618,0.8408,1.1495,0.6714,0.4781,78
26,5,33,6,39,1.3855,1.575,0.9154,1.0943,10.8834,11.9532,3.4351,4.0354,0.7651,0.9361,0.7649,0.9585,1.1505,0.765,0.3855,68
7,0,11,0,11,1.2953,1.525,1.0089,1.2738,9.2693,10.1433,3.3508,3.8334,0.71,0.8573,0.6484,0.8253,1.1521,0.6792,0.4729,76
13,4,19,5,24,1.3905,1.6096,0.9231,1.1579,9.9841,11.8074,3.3037,4.1034,0.6164,0.7453,0.6028,0.7888,1.1568,0.6096,0.5472,85
17,7,25,7,32,1.4387,1.6542,0.8752,1.0837,10.1324,11.2346,2.5696,2.8998,0.6094,0.746,0.5948,0.7758,1.1569,0.6021,0.5548,86
17,6,25,7,32,1.4387,1.6542,0.8752,1.0837,10.1324,11.2346,2.5696,2.8998,0.6094,0.746,0.5948,0.7758,1.1569,0.6021,0.5548,86
14,4,20,5,25,1.3508,1.5629,0.9636,1.1649,8.7576,9.6713,3.2851,3.8456,0.8017,0.958,0.7985,0.9997,1.1572,0.8001,0.3571,64
13,3,19,4,23,1.3864,1.6279,0.9347,1.185,8.7185,9.8841,3.7053,4.4598,0.6657,0.8106,0.6285,0.7794,1.1606,0.6471,0.5134,77
36,1,41,2,43,1.4005,1.5996,0.9208,1.1324,10.4407,11.6057,3.9091,4.4105,0.7002,0.8553,0.6936,0.8646,1.1607,0.6969,0.4638,70
36,2,41,2,43,1.4005,1.5996,0.9208,1.1324,10.4407,11.6057,3.9091,4.4105,0.7002,0.8553,0.6936,0.8646,1.1607,0.6969,0.4638,70
20,1,26,2,28,1.3942,1.5914,0.9281,1.1741,11.4819,12.5308,2.9554,3.6111,0.5222,0.6458,0.5113,0.6794,1.1612,0.5167,0.6444,126
20,2,26,2,28,1.3942,1.5914,0.9281,1.1741,11.4819,12.5308,2.9554,3.6111,0.5222,0.6458,0.5113,0.6794,1.1612,0.5167,0.6444,126
37,1,41,2,43,1.403,1.6019,0.9242,1.14,10.4595,11.6043,4.0078,4.5006,0.6992,0.8552,0.6923,0.8608,1.1636,0.6957,0.4679,70
37,2,41,2,43,1.403,1.6019,0.9242,1.14,10.4595,11.6043,4.0078,4.5006,0.6992,0.8552,0.6923,0.8608,1.1636,0.6957,0.4679,70
18,6,25,7,32,1.4501,1.6631,0.8831,1.0959,10.297,11.5466,2.6578,3.0013,0.6099,0.746,0.5932,0.7735,1.1666,0.6015,0.565,86
18,7,25,7,32,1.4501,1.6631,0.8831,1.0959,10.297,11.5466,2.6578,3.0013,0.6099,0.746,0.5932,0.7735,1.1666,0.6015,0.565,86
8,6,12,7,19,1.383,1.5841,0.9507,1.1721,9.8842,11.1956,3.427,3.965,0.7701,0.9317,0.6812,0.8856,1.1668,0.7256,0.4412,68
8,7,12,7,19,1.383,1.5841,0.9507,1.1721,9.8842,11.1956,3.427,3.965,0.7701,0.9317,0.6812,0.8856,1.1668,0.7256,0.4412,68
40,7,44,7,51,1.4593,1.6678,0.8759,1.0676,11.2315,12.2736,3.4313,3.8668,0.7413,0.9304,0.7041,0.8744,1.1676,0.7227,0.4449,68
41,6,44,7,51,1.4593,1.6678,0.8759,1.0676,11.2315,12.2736,3.4313,3.8668,0.7413,0.9304,0.7041,0.8744,1.1676,0.7227,0.4449,68
41,7,44,7,51,1.4593,1.6678,0.8759,1.0676,11.2315,12.2736,3.4313,3.8668,0.7413,0.9304,0.7041,0.8744,1.1676,0.7227,0.4449,68
40,6,44,7,51,1.4593,1.6678,0.8759,1.0676,11.2315,12.2736,3.4313,3.8668,0.7413,0.9304,0.7041,0.8744,1.1676,0.7227,0.4449,68
28,5,35,6,41,1.3969,1.57,0.9392,1.1674,10.9317,12.2501,3.8138,4.2118,0.7802,0.9428,0.6833,0.8523,1.1681,0.7318,0.4363,68
39,6,44,7,51,1.4608,1.6718,0.877,1.0672,11.2142,12.2877,3.4127,3.8429,0.7414,0.9306,0.7027,0.8736,1.1689,0.7221,0.4468,68
39,7,44,7,51,1.4608,1.6718,0.877,1.0672,11.2142,12.2877,3.4127,3.8429,0.7414,0.9306,0.7027,0.8736,1.1689,0.7221,0.4468,68
42,7,44,7,51,1.4646,1.6742,0.8737,1.0642,11.3046,12.3469,3.3963,3.831,0.7407,0.9298,0.7045,0.8751,1.1691,0.7226,0.4465,68
42,6,44,7,51,1.4646,1.6742,0.8737,1.0642,11.3046,12.3469,3.3963,3.831,0.7407,0.9298,0.7045,0.8751,1.1691,0.7226,0.4465,68
33,2,39,2,41,1.3979,1.5692,0.9406,1.1708,10.475,11.9326,3.3318,4.0255,0.7277,0.89,0.6415,0.812,1.1693,0.6846,0.4847,71
33,1,39,2,41,1.3979,1.5692,0.9406,1.1708,10.475,11.9326,3.3318,4.0255,0.7277,0.89,0.6415,0.812,1.1693,0.6846,0.4847,71
33,3,39,4,43,1.4505,1.6631,0.8903,1.1374,10.2901,11.6691,3.5161,4.2021,0.572,0.6947,0.5488,0.7228,1.1704,0.5604,0.61,99
15,2,22,2,24,1.4176,1.6425,0.9247,1.1671,10.5861,12.0226,3.5754,4.3303,0.6229,0.7557,0.6006,0.8161,1.1711,0.6117,0.5594,85
15,1,22,2,24,1.4176,1.6425,0.9247,1.1671,10.5861,12.0226,3.5754,4.3303,0.6229,0.7557,0.6006,0.8161,1.1711,0.6117,0.5594,85
39,3,44,4,48,1.319,1.5581,1.0245,1.2827,8.737,9.9326,3.9456,4.7319,0.6335,0.7882,0.6213,0.7907,1.1717,0.6274,0.5443,79
42,3,44,4,48,1.3143,1.561,1.0295,1.2941,8.5878,9.8849,3.9805,4.761,0.6326,0.7863,0.6197,0.7886,1.1719,0.6262,0.5457,79
18,4,25,5,30,1.3951,1.5836,0.9508,1.1713,11.3013,12.5358,3.1817,3.8131,0.625,0.7639,0.588,0.758,1.173,0.6065,0.5665,85
33,4,39,5,44,1.3834,1.5801,0.9641,1.1653,10.6564,12.4193,3.7145,4.3186,0.6935,0.8592,0.7022,0.8836,1.1738,0.6979,0.4759,70
37,3,41,4,45,1.3937,1.6161,0.9559,1.1691,9.7871,11.0863,3.6421,4.3165,0.6146,0.7629,0.5945,0.8056,1.1748,0.6045,0.5703,85
41,3,44,4,48,1.3147,1.5629,1.0357,1.2995,8.6199,9.9006,4.0084,4.7857,0.6326,0.7864,0.6208,0.791,1.1752,0.6267,0.5485,79
40,3,44,4,48,1.3147,1.5629,1.0357,1.2995,8.6199,9.9006,4.0084,4.7857,0.6326,0.7864,0.6208,0.791,1.1752,0.6267,0.5485,79
33,6,39,7,46,1.4128,1.5966,0.9395,1.2254,10.5961,12.1118,3.7657,4.5443,0.587,0.7147,0.5675,0.7305,1.1761,0.5772,0.5989,91
33,7,39,7,46,1.4128,1.5966,0.9395,1.2254,10.5961,12.1118,3.7657,4.5443,0.587,0.7147,0.5675,0.7305,1.1761,0.5772,0.5989,91
24,3,32,4,36,1.4599,1.6685,0.8988,1.1139,10.4224,12.0673,3.3805,3.8022,0.695,0.8455,0.7138,0.8755,1.1793,0.7044,0.4749,71
19,1,26,2,28,1.4561,1.6493,0.9028,1.1633,10.6627,12.0213,3.2923,3.8257,0.6078,0.7466,0.6366,0.7999,1.1794,0.6222,0.5572,84
19,2,26,2,28,1.4561,1.6493,0.9028,1.1633,10.6627,12.0213,3.2923,3.8257,0.6078,0.7466,0.6366,0.7999,1.1794,0.6222,0.5572,84
36,3,41,4,45,1.3985,1.6186,0.9642,1.1733,9.8409,11.1768,3.686,4.3474,0.6171,0.7651,0.5928,0.8035,1.1814,0.605,0.5764,85
26,3,33,4,37,1.4363,1.6301,0.9333,1.1669,11.1996,12.6732,3.5414,4.1953,0.717,0.8719,0.6669,0.8577,1.1848,0.692,0.4928,69
23,5,30,6,36,1.4537,1.6489,0.917,1.1527,9.8813,11.0523,3.5456,4.1734,0.6315,0.7646,0.628,0.7785,1.1854,0.6297,0.5556,78
13,5,19,6,25,1.4604,1.7186,0.9106,1.2079,10.522,11.7576,2.8045,3.4956,0.6588,0.8094,0.6508,0.8459,1.1855,0.6548,0.5307,77
17,2,25,2,27,1.4521,1.6484,0.9224,1.2025,11.204,12.8622,2.9572,3.4979,0.6197,0.7525,0.5783,0.7515,1.1872,0.599,0.5882,89
17,1,25,2,27,1.4521,1.6484,0.9224,1.2025,11.204,12.8622,2.9572,3.4979,0.6197,0.7525,0.5783,0.7515,1.1872,0.599,0.5882,89
38,6,43,7,50,1.4116,1.6117,0.9639,1.1964,9.7102,11.4363,3.6008,4.0594,0.762,0.9164,0.7072,0.9051,1.1878,0.7346,0.4532,67
38,7,43,7,50,1.4116,1.6117,0.9639,1.1964,9.7102,11.4363,3.6008,4.0594,0.762,0.9164,0.7072,0.9051,1.1878,0.7346,0.4532,67
43,1,45,2,47,1.4389,1.6654,0.9397,1.1496,10.0556,11.2876,3.6707,4.2989,0.7365,0.8877,0.701,0.8939,1.1893,0.7187,0.4705,69
43,2,45,2,47,1.4389,1.6654,0.9397,1.1496,10.0556,11.2876,3.6707,4.2989,0.7365,0.8877,0.701,0.8939,1.1893,0.7187,0.4705,69
25,3,33,4,37,1.4295,1.6244,0.9499,1.1868,11.0844,12.5553,3.6605,4.3496,0.7212,0.8758,0.6724,0.8687,1.1897,0.6968,0.4929,69
35,4,40,5,45,1.4027,1.5932,0.9795,1.1582,11.5939,12.7434,3.4846,4.1171,0.7391,0.9021,0.6536,0.834,1.1911,0.6964,0.4947,69
14,6,20,7,27,1.4733,1.6655,0.9091,1.1711,10.9066,12.3092,3.2038,3.8646,0.6128,0.7486,0.5789,0.7381,1.1912,0.5959,0.5953,90
14,7,20,7,27,1.4733,1.6655,0.9091,1.1711,10.9066,12.3092,3.2038,3.8646,0.6128,0.7486,0.5789,0.7381,1.1912,0.5959,0.5953,90
23,7,30,7,37,1.3731,1.5524,1.0103,1.2546,10.7068,12.2404,4.162,4.7234,0.6924,0.846,0.6569,0.8353,1.1917,0.6746,0.5171,69
23,6,30,7,37,1.3731,1.5524,1.0103,1.2546,10.7068,12.2404,4.162,4.7234,0.6924,0.846,0.6569,0.8353,1.1917,0.6746,0.5171,69
44,2,45,2,47,1.4359,1.6659,0.9474,1.1596,9.9971,11.2646,3.7342,4.385,0.7365,0.8876,0.6962,0.889,1.1917,0.7163,0.4753,69
44,1,45,2,47,1.4359,1.6659,0.9474,1.1596,9.9971,11.2646,3.7342,4.385,0.7365,0.8876,0.6962,0.889,1.1917,0.7163,0.4753,69
41,2,44,2,46,1.4965,1.7282,0.887,1.0801,11.8111,13.508,2.9277,3.7432,0.6077,0.7492,0.6099,0.8019,1.1918,0.6088,0.583,85
40,2,44,2,46,1.4965,1.7282,0.887,1.0801,11.8111,13.508,2.9277,3.7432,0.6077,0.7492,0.6099,0.8019,1.1918,0.6088,0.583,85
40,1,44,2,46,1.4965,1.7282,0.887,1.0801,11.8111,13.508,2.9277,3.7432,0.6077,0.7492,0.6099,0.8019,1.1918,0.6088,0.583,85
41,1,44,2,46,1.4965,1.7282,0.887,1.0801,11.8111,13.508,2.9277,3.7432,0.6077,0.7492,0.6099,0.8019,1.1918,0.6088,0.583,85
34,4,40,5,45,1.402,1.5923,0.9816,1.1594,11.6289,12.7552,3.5226,4.1549,0.7384,0.9014,0.6548,0.8347,1.1918,0.6966,0.4952,69
8,5,12,6,18,1.4215,1.6177,0.9642,1.2078,11.1127,13.0989,4.1716,4.6396,0.6573,0.8039,0.6506,0.8046,1.1929,0.654,0.5389,76
18,5,25,6,31,1.4648,1.6791,0.9213,1.141,12.3235,13.6067,3.1467,3.8091,0.7393,0.9001,0.6967,0.8901,1.193,0.718,0.475,68
12,5,18,6,24,1.3893,1.6037,0.9968,1.239,10.2652,11.3773,3.9821,4.711,0.7686,0.9243,0.6781,0.871,1.1931,0.7234,0.4697,67
45,7,46,7,53,1.4645,1.6566,0.922,1.1863,11.4669,12.3899,3.1791,3.7478,0.7211,0.8732,0.6505,0.8472,1.1933,0.6858,0.5075,68
45,6,46,7,53,1.4645,1.6566,0.922,1.1863,11.4669,12.3899,3.1791,3.7478,0.7211,0.8732,0.6505,0.8472,1.1933,0.6858,0.5075,68
46,7,46,7,53,1.4645,1.6566,0.922,1.1863,11.4669,12.3899,3.1791,3.7478,0.7211,0.8732,0.6505,0.8472,1.1933,0.6858,0.5075,68
46,6,46,7,53,1.4645,1.6566,0.922,1.1863,11.4669,12.3899,3.1791,3.7478,0.7211,0.8732,0.6505,0.8472,1.1933,0.6858,0.5075,68
42,2,44,2,46,1.4996,1.7242,0.8897,1.0828,11.9734,13.5169,2.9829,3.8398,0.6075,0.7495,0.6095,0.8021,1.1947,0.6085,0.5862,85
42,1,44,2,46,1.4996,1.7242,0.8897,1.0828,11.9734,13.5169,2.9829,3.8398,0.6075,0.7495,0.6095,0.8021,1.1947,0.6085,0.5862,85
23,3,30,4,34,1.4657,1.6732,0.9256,1.1266,11.0836,12.2687,3.564,4.1616,0.7484,0.9068,0.6835,0.8724,1.1957,0.7159,0.4797,68
17,5,25,6,31,1.4659,1.682,0.9264,1.1417,12.3484,13.715,3.1984,3.7332,0.7374,0.8996,0.6864,0.8806,1.1962,0.7119,0.4843,68
25,4,33,5,38,1.3473,1.5426,1.0459,1.2564,10.0275,11.3063,4.2447,4.8655,0.7798,0.9342,0.724,0.9134,1.1966,0.7519,0.4446,65
14,3,20,4,24,1.5047,1.7715,0.8889,1.0928,10.3863,13.0769,3.2542,3.808,0.6079,0.7418,0.6022,0.7883,1.1968,0.6051,0.5917,85
20,3,26,4,30,1.3982,1.5739,0.996,1.2267,11.0324,12.3406,3.8308,4.6364,0.6205,0.7586,0.6001,0.7619,1.1971,0.6103,0.5868,85
44,4,45,5,50,1.4264,1.6196,0.97,1.2108,10.2747,11.6724,3.8183,4.3273,0.7463,0.9051,0.7028,0.8953,1.1982,0.7246,0.4736,67
15,5,22,6,28,1.438,1.6417,0.9605,1.2413,10.9665,12.2386,3.9161,4.966,0.6918,0.8391,0.6386,0.8263,1.1992,0.6652,0.5341,78
43,4,45,5,50,1.4238,1.6174,0.9754,1.2173,10.2529,11.6526,3.902,4.4024,0.7467,0.9052,0.7036,0.8959,1.1996,0.7252,0.4744,67
39,2,44,2,46,1.5093,1.7338,0.8902,1.0847,12.0033,13.6232,2.9862,3.8221,0.6077,0.7496,0.6122,0.8028,1.1997,0.61,0.5898,85
39,1,44,2,46,1.5093,1.7338,0.8902,1.0847,12.0033,13.6232,2.9862,3.8221,0.6077,0.7496,0.6122,0.8028,1.1997,0.61,0.5898,85
26,4,33,5,38,1.3405,1.5365,1.0594,1.2698,9.9811,11.2617,4.2397,4.9269,0.7814,0.9341,0.7242,0.9129,1.2,0.7528,0.4472,65
19,3,26,4,30,1.3995,1.5738,1.0011,1.2346,10.875,12.1245,3.8401,4.6732,0.621,0.7585,0.6022,0.7683,1.2003,0.6116,0.5887,85
22,7,29,7,36,1.411,1.6305,0.9908,1.23,10.0208,11.1992,4.065,4.7796,0.6957,0.8394,0.6826,0.8575,1.2009,0.6892,0.5117,70
22,6,29,7,36,1.411,1.6305,0.9908,1.23,10.0208,11.1992,4.065,4.7796,0.6957,0.8394,0.6826,0.8575,1.2009,0.6892,0.5117,70
36,4,41,5,46,1.4351,1.6085,0.9674,1.213,11.5879,13.3739,4.2,4.9997,0.5952,0.7438,0.6193,0.7973,1.2013,0.6072,0.594,85
5,4,8,5,13,1.4012,1.6195,1.0015,1.2632,10.6142,12.0476,3.94,4.6817,0.6248,0.769,0.625,0.7925,1.2014,0.6249,0.5765,85
37,4,41,5,46,1.4362,1.6083,0.9718,1.2199,11.5719,13.3013,4.236,5.0415,0.5952,0.7432,0.621,0.7988,1.204,0.6081,0.5959,85
11,7,17,7,24,1.3603,1.5998,1.0491,1.3085,9.1966,10.3754,4.0942,4.9092,0.759,0.9159,0.6849,0.875,1.2047,0.722,0.4827,67
11,6,17,7,24,1.3603,1.5998,1.0491,1.3085,9.1966,10.3754,4.0942,4.9092,0.759,0.9159,0.6849,0.875,1.2047,0.722,0.4827,67
8,1,12,2,14,1.5069,1.7399,0.9045,1.1324,12.4862,14.0783,3.0501,3.7214,0.6344,0.7995,0.589,0.7994,1.2057,0.6117,0.594,85
8,2,12,2,14,1.5069,1.7399,0.9045,1.1324,12.4862,14.0783,3.0501,3.7214,0.6344,0.7995,0.589,0.7994,1.2057,0.6117,0.594,85
32,7,38,7,45,1.3725,1.5762,1.0396,1.2614,10.5368,11.3546,4.1322,4.6575,0.6143,0.7587,0.5981,0.7947,1.206,0.6062,0.5998,85
32,6,38,7,45,1.3725,1.5762,1.0396,1.2614,10.5368,11.3546,4.1322,4.6575,0.6143,0.7587,0.5981,0.7947,1.206,0.6062,0.5998,85
16,2,24,2,26,1.4863,1.6782,0.9266,1.1389,11.4007,12.4965,3.3008,4.0091,0.7045,0.8472,0.661,0.8299,1.2065,0.6827,0.5237,77
16,1,24,2,26,1.4863,1.6782,0.9266,1.1389,11.4007,12.4965,3.3008,4.0091,0.7045,0.8472,0.661,0.8299,1.2065,0.6827,0.5237,77
28,3,35,4,39,1.508,1.6851,0.9073,1.1166,12.6154,13.7175,3.1025,3.9184,0.719,0.8881,0.7371,0.9544,1.2077,0.7281,0.4796,68
31,7,38,7,45,1.3742,1.5801,1.0423,1.2596,10.5039,11.3251,4.0864,4.5879,0.6141,0.7588,0.5978,0.7943,1.2083,0.6059,0.6023,85
31,6,38,7,45,1.3742,1.5801,1.0423,1.2596,10.5039,11.3251,4.0864,4.5879,0.6141,0.7588,0.5978,0.7943,1.2083,0.6059,0.6023,85
18,1,25,2,27,1.4714,1.673,0.9464,1.2187,11.741,13.1538,3.1765,3.7951,0.6233,0.7569,0.5896,0.7574,1.2089,0.6064,0.6025,89
18,2,25,2,27,1.4714,1.673,0.9464,1.2187,11.741,13.1538,3.1765,3.7951,0.6233,0.7569,0.5896,0.7574,1.2089,0.6064,0.6025,89
23,1,30,2,32,1.4586,1.6778,0.9604,1.2023,10.2048,12.1548,2.9934,4.2475,0.4837,0.6114,0.4706,0.651,1.2095,0.4771,0.7323,184
23,2,30,2,32,1.4586,1.6778,0.9604,1.2023,10.2048,12.1548,2.9934,4.2475,0.4837,0.6114,0.4706,0.651,1.2095,0.4771,0.7323,184
46,3,46,4,50,1.4727,1.6653,0.9499,1.1332,11.482,12.8193,3.4856,3.9191,0.7377,0.902,0.7037,0.8868,1.2113,0.7207,0.4906,68
45,3,46,4,50,1.4727,1.6653,0.9499,1.1332,11.482,12.8193,3.4856,3.9191,0.7377,0.902,0.7037,0.8868,1.2113,0.7207,0.4906,68
28,6,35,7,42,1.4618,1.6642,0.9738,1.194,12.4908,13.4585,3.571,4.1685,0.5615,0.6987,0.5761,0.735,1.2178,0.5688,0.649,93
28,7,35,7,42,1.4618,1.6642,0.9738,1.194,12.4908,13.4585,3.571,4.1685,0.5615,0.6987,0.5761,0.735,1.2178,0.5688,0.649,93
38,4,43,5,48,1.4864,1.7313,0.9516,1.1772,11.2312,12.8704,3.6167,4.084,0.6921,0.8549,0.6663,0.8469,1.219,0.6792,0.5398,68
22,3,29,4,33,1.5842,1.7725,0.8601,1.1196,12.9533,13.8834,2.612,3.5958,0.6013,0.7515,0.5785,0.7484,1.2221,0.5899,0.6322,91
27,5,34,6,40,1.4206,1.6153,1.0243,1.2897,10.2638,11.387,4.1524,4.7606,0.6052,0.7337,0.5684,0.7649,1.2224,0.5868,0.6356,86
31,2,38,2,40,1.4719,1.6703,0.973,1.2272,10.9968,12.3515,3.5383,4.7591,0.5502,0.6835,0.5469,0.7288,1.2225,0.5485,0.6739,100
31,1,38,2,40,1.4719,1.6703,0.973,1.2272,10.9968,12.3515,3.5383,4.7591,0.5502,0.6835,0.5469,0.7288,1.2225,0.5485,0.6739,100
6,3,10,4,14,1.3933,1.6133,1.0568,1.2742,9.8404,10.8637,4.327,5.0624,0.7618,0.9347,0.7059,0.9197,1.2251,0.7338,0.4912,68
23,4,30,5,35,1.5018,1.7328,0.9487,1.1378,11.1252,13.0931,3.7036,4.2133,0.6472,0.804,0.7152,0.9111,1.2253,0.6812,0.544,78
30,7,38,7,45,1.398,1.5986,1.0529,1.2745,11.0943,11.9276,4.2589,4.8325,0.6159,0.7605,0.5985,0.7942,1.2254,0.6072,0.6182,85
30,6,38,7,45,1.398,1.5986,1.0529,1.2745,11.0943,11.9276,4.2589,4.8325,0.6159,0.7605,0.5985,0.7942,1.2254,0.6072,0.6182,85
34,5,40,6,46,1.5641,1.7867,0.8963,1.1091,11.9265,13.0679,3.1117,3.553,0.6833,0.8517,0.7254,0.9049,1.2302,0.7044,0.5258,68
44,3,45,4,49,1.4532,1.6911,1.0083,1.2447,10.9976,12.2914,3.933,4.5061,0.5456,0.6786,0.5254,0.6867,1.2307,0.5355,0.6952,98
46,4,46,5,51,1.4292,1.6582,1.0329,1.2464,10.8231,12.2219,4.4349,4.9258,0.7418,0.9183,0.6689,0.8533,1.231,0.7054,0.5257,69
45,4,46,5,51,1.4292,1.6582,1.0329,1.2464,10.8231,12.2219,4.4349,4.9258,0.7418,0.9183,0.6689,0.8533,1.231,0.7054,0.5257,69
37,5,41,6,47,1.4933,1.6989,0.9713,1.2233,11.0849,12.5501,4.1033,4.7258,0.599,0.7317,0.6105,0.7889,1.2323,0.6047,0.6275,84
35,5,40,6,46,1.5698,1.791,0.8952,1.1079,12.0319,13.1353,3.0937,3.5417,0.6841,0.8511,0.7261,0.9056,1.2325,0.7051,0.5274,68
43,3,45,4,49,1.4692,1.7045,0.9998,1.2367,11.2962,12.6217,3.8559,4.3884,0.5446,0.6769,0.5257,0.6867,1.2345,0.5352,0.6993,98
36,5,41,6,47,1.4991,1.7009,0.972,1.2263,11.2314,12.6688,4.0903,4.7129,0.5975,0.7297,0.6101,0.7869,1.2356,0.6038,0.6318,84
28,4,35,5,40,1.4706,1.6902,1.0024,1.2654,9.9284,11.9837,4.4542,4.9454,0.5987,0.7296,0.5837,0.7734,1.2365,0.5912,0.6453,86
9,2,14,2,16,1.5538,1.7596,0.9237,1.1539,13.1472,14.1323,3.2563,4.0492,0.7081,0.8692,0.6448,0.8353,1.2388,0.6765,0.5623,77
9,1,14,2,16,1.5538,1.7596,0.9237,1.1539,13.1472,14.1323,3.2563,4.0492,0.7081,0.8692,0.6448,0.8353,1.2388,0.6765,0.5623,77
24,5,32,6,38,1.4466,1.659,1.0356,1.2723,10.6244,12.1825,4.5582,5.1178,0.7696,0.9221,0.6709,0.8653,1.2411,0.7202,0.5209,68
16,7,24,7,31,1.4834,1.6922,1.006,1.2138,12.0922,13.3989,4.0616,4.709,0.7173,0.8722,0.6923,0.8969,1.2447,0.7048,0.5399,68
16,6,24,7,31,1.4834,1.6922,1.006,1.2138,12.0922,13.3989,4.0616,4.709,0.7173,0.8722,0.6923,0.8969,1.2447,0.7048,0.5399,68
29,3,36,4,40,1.4156,1.6183,1.074,1.3241,11.0836,11.8204,4.6436,5.1799,0.6847,0.8324,0.6317,0.7871,1.2448,0.6582,0.5866,77
12,7,18,7,25,1.5082,1.7412,0.9856,1.2457,11.1087,12.4583,3.3992,4.0955,0.6619,0.8057,0.6952,0.8908,1.2469,0.6785,0.5684,78
12,6,18,7,25,1.5082,1.7412,0.9856,1.2457,11.1087,12.4583,3.3992,4.0955,0.6619,0.8057,0.6952,0.8908,1.2469,0.6785,0.5684,78
21,3,28,4,32,1.5504,1.7582,0.9488,1.2022,12.645,14.2354,3.4435,4.1188,0.611,0.7553,0.6104,0.7765,1.2496,0.6107,0.6389,86
25,7,33,7,40,1.5118,1.733,0.9907,1.2496,10.5919,11.9229,4.0522,4.6055,0.6183,0.7487,0.5917,0.7754,1.2513,0.605,0.6463,86
25,6,33,7,40,1.5118,1.733,0.9907,1.2496,10.5919,11.9229,4.0522,4.6055,0.6183,0.7487,0.5917,0.7754,1.2513,0.605,0.6463,86
26,7,33,7,40,1.5088,1.7302,0.999,1.2583,10.5422,11.9188,4.1374,4.64,0.6173,0.7473,0.585,0.7675,1.2539,0.6012,0.6527,86
26,6,33,7,40,1.5088,1.7302,0.999,1.2583,10.5422,11.9188,4.1374,4.64,0.6173,0.7473,0.585,0.7675,1.2539,0.6012,0.6527,86
21,4,28,5,33,1.4245,1.631,1.0836,1.359,11.172,12.3882,4.6113,5.3265,0.6722,0.8137,0.6153,0.7836,1.2541,0.6437,0.6103,77
21,6,28,7,35,1.5386,1.736,0.975,1.2199,12.7266,13.9971,4.0107,4.5325,0.6491,0.7976,0.6491,0.8364,1.2568,0.6491,0.6077,78
21,7,28,7,35,1.5386,1.736,0.975,1.2199,12.7266,13.9971,4.0107,4.5325,0.6491,0.7976,0.6491,0.8364,1.2568,0.6491,0.6077,78
30,3,38,4,42,1.5702,1.7981,0.9548,1.1879,12.9454,14.0567,3.8332,4.5447,0.5463,0.6725,0.5344,0.7006,1.2625,0.5404,0.7221,107
39,5,44,6,50,1.5236,1.7368,1.0246,1.3061,10.8692,13.2473,3.9369,4.4735,0.5295,0.6607,0.5001,0.6716,1.2741,0.5148,0.7593,120
15,3,22,4,26,1.5304,1.7233,1.0181,1.2501,10.8881,12.5034,4.5558,5.0717,0.6722,0.8075,0.6119,0.802,1.2742,0.642,0.6322,85
42,5,44,6,50,1.5363,1.7436,1.0125,1.2983,10.967,13.3136,3.8023,4.339,0.5297,0.6608,0.5018,0.6738,1.2744,0.5157,0.7587,120
22,5,29,6,35,1.6121,1.7999,0.942,1.2125,13.0774,14.6027,3.5412,4.1939,0.5757,0.7066,0.5339,0.7218,1.277,0.5548,0.7222,99
31,3,38,4,42,1.5948,1.8184,0.9634,1.2044,13.3845,14.4681,3.9457,4.6181,0.548,0.6755,0.5328,0.7001,1.2791,0.5404,0.7387,107
40,5,44,6,50,1.5393,1.7512,1.0202,1.3061,10.9434,13.3464,3.8519,4.3925,0.5306,0.662,0.5005,0.6721,1.2797,0.5156,0.7642,120
41,5,44,6,50,1.5393,1.7512,1.0202,1.3061,10.9434,13.3464,3.8519,4.3925,0.5306,0.662,0.5005,0.6721,1.2797,0.5156,0.7642,120
8,3,12,4,16,1.5275,1.7743,1.0325,1.2547,12.2995,14.1375,4.0103,4.7893,0.5867,0.7348,0.5689,0.7384,1.28,0.5778,0.7022,99
17,3,25,4,29,1.5822,1.7908,0.9788,1.2658,12.3448,13.9998,4.0221,4.5282,0.5447,0.6687,0.5305,0.6898,1.2805,0.5376,0.7429,127
46,5,46,6,52,1.5612,1.7472,1.0085,1.2945,12.4535,13.979,3.9859,4.7715,0.58,0.7207,0.6117,0.7676,1.2848,0.5959,0.689,92
45,5,46,6,52,1.5612,1.7472,1.0085,1.2945,12.4535,13.979,3.9859,4.7715,0.58,0.7207,0.6117,0.7676,1.2848,0.5959,0.689,92
7,2,11,2,13,1.6131,1.8073,0.9576,1.2041,14.294,15.2345,3.7172,4.429,0.6333,0.776,0.6608,0.8446,1.2853,0.647,0.6383,85
7,1,11,2,13,1.6131,1.8073,0.9576,1.2041,14.294,15.2345,3.7172,4.429,0.6333,0.776,0.6608,0.8446,1.2853,0.647,0.6383,85
32,3,38,4,42,1.6077,1.8283,0.9665,1.2044,13.3981,14.5485,3.9475,4.6785,0.5463,0.6729,0.5344,0.6997,1.2871,0.5403,0.7468,107
37,7,41,7,48,1.5829,1.7991,1.0099,1.2607,12.5066,14.1853,4.0954,4.541,0.5826,0.7325,0.5809,0.7402,1.2964,0.5818,0.7146,86
37,6,41,7,48,1.5829,1.7991,1.0099,1.2607,12.5066,14.1853,4.0954,4.541,0.5826,0.7325,0.5809,0.7402,1.2964,0.5818,0.7146,86
36,6,41,7,48,1.5919,1.8069,1.0084,1.2605,12.6145,14.2728,4.082,4.5265,0.5818,0.7313,0.5821,0.7405,1.3002,0.582,0.7182,86
36,7,41,7,48,1.5919,1.8069,1.0084,1.2605,12.6145,14.2728,4.082,4.5265,0.5818,0.7313,0.5821,0.7405,1.3002,0.582,0.7182,86
39,4,44,5,49,1.5983,1.8112,1.0055,1.2551,12.5882,14.1124,3.9703,4.6725,0.6074,0.7379,0.6301,0.7736,1.3019,0.6187,0.6831,78
18,3,25,4,29,1.5965,1.8051,1.0078,1.2938,12.2018,14.1887,4.0463,4.8166,0.5238,0.6445,0.4991,0.6589,1.3022,0.5115,0.7907,143
42,4,44,5,49,1.5964,1.8098,1.0106,1.2551,12.5181,14.0517,3.9698,4.6764,0.6061,0.7372,0.6319,0.7753,1.3035,0.619,0.6845,78
29,5,36,6,42,1.5674,1.788,1.0504,1.3104,12.0424,13.2473,4.2586,4.9446,0.6042,0.745,0.5806,0.7493,1.3089,0.5924,0.7165,85
41,4,44,5,49,1.603,1.8182,1.0169,1.2597,12.702,14.1818,4.0153,4.7273,0.6067,0.7377,0.633,0.7753,1.3099,0.6199,0.6901,78
40,4,44,5,49,1.603,1.8182,1.0169,1.2597,12.702,14.1818,4.0153,4.7273,0.6067,0.7377,0.633,0.7753,1.3099,0.6199,0.6901,78
27,7,34,7,41,1.5799,1.7645,1.1095,1.3755,13.1993,14.9335,4.8722,5.5431,0.5906,0.7253,0.539,0.7266,1.3447,0.5648,0.78,91
27,6,34,7,41,1.5799,1.7645,1.1095,1.3755,13.1993,14.9335,4.8722,5.5431,0.5906,0.7253,0.539,0.7266,1.3447,0.5648,0.78,91
