TOP_X_SENSOR,TOP_Y_DEMO,n_sensor_union,n_demo_union,n_features,epochs,best_val_loss,sis_decay,ohs_decay,val_overall_n,val_overall_MAE,val_overall_RMSE,val_overall_R2,val_overall_Pearson,val_SIS_n,val_SIS_MAE,val_SIS_RMSE,val_SIS_R2,val_SIS_Pearson,val_OHS_n,val_OHS_MAE,val_OHS_RMSE,val_OHS_R2,val_OHS_Pearson,test_overall_n,test_overall_MAE,test_overall_RMSE,test_overall_R2,test_overall_Pearson,test_SIS_n,test_SIS_MAE,test_SIS_RMSE,test_SIS_R2,test_SIS_Pearson,test_OHS_n,test_OHS_MAE,test_OHS_RMSE,test_OHS_R2,test_OHS_Pearson
5,0,8,0,8,66,1.0386875867843628,0.0725517123937606,0.0773319900035858,216.0,0.9654842416445414,1.1289682793437927,0.3222440301382747,0.645200498430718,72.0,0.862655328379737,0.9788362377703006,-0.9192024929868968,0.3004875977159533,144.0,1.0168986982769437,1.1969936814622577,-0.036795566725235,0.2289015608421176,216.0,1.0789619871863612,1.3074644403464035,0.1481076446192417,0.4941950641146646,72.0,0.82757768034935,1.0167054092848575,-0.0354876108156445,0.241969375239032,144.0,1.204654140604867,1.4308563692841283,-0.7665549497863919,-0.3058866211596374
5,1,8,2,10,63,0.9715561866760254,0.0743554756045341,0.0794736072421073,216.0,0.9172685626480316,1.0609701609174256,0.4014282558917814,0.6781535973970473,72.0,0.8905709981918335,0.991089999024224,-0.9675551228298668,0.206777376619602,144.0,0.9306173448761303,1.0942380136208043,0.13357093675777,0.3825418525547152,216.0,1.17408665297208,1.392798420482206,0.0332782713094049,0.4211566405838176,72.0,0.8696889281272888,1.0531025984082345,-0.1109538220485648,0.1266648988368848,144.0,1.3262855153944757,1.5347047334127517,-1.03228557251153,-0.4658808611788795
5,2,8,2,10,63,0.9715561866760254,0.0743554756045341,0.0794736072421073,216.0,0.9172685626480316,1.0609701609174256,0.4014282558917814,0.6781535973970473,72.0,0.8905709981918335,0.991089999024224,-0.9675551228298668,0.206777376619602,144.0,0.9306173448761303,1.0942380136208043,0.13357093675777,0.3825418525547152,216.0,1.17408665297208,1.392798420482206,0.0332782713094049,0.4211566405838176,72.0,0.8696889281272888,1.0531025984082345,-0.1109538220485648,0.1266648988368848,144.0,1.3262855153944757,1.5347047334127517,-1.03228557251153,-0.4658808611788795
5,3,8,4,12,62,1.019619345664978,0.0764518156647682,0.0772684589028358,216.0,0.94919915497303,1.0950506563053428,0.3623559789058935,0.6442911044364904,72.0,0.8988791803518931,0.9737618555278258,-0.8993554065844955,0.2944454686906522,144.0,0.9743591422835984,1.150911740391784,0.0414970446195127,0.2438215413560448,216.0,1.149114629736653,1.36977524951751,0.0649742346388823,0.4265217491529406,72.0,0.8544109132554796,1.0534004025686303,-0.1115822384067644,0.1943838135822263,144.0,1.2964664879772398,1.5031966428981467,-0.9496949339530324,-0.5057519631217765
5,4,8,5,13,84,0.9704893827438354,0.0785852447152137,0.0754409432411193,216.0,0.8851153558051145,1.0809422773402195,0.3786806511162437,0.6217321054681294,72.0,0.8374885155094994,1.059981561648884,-1.250594962445358,0.0883437254723764,144.0,0.908928775952922,1.0912716686940915,0.1382621351518002,0.3817774602433263,216.0,1.3042337546745937,1.545205061993247,-0.1898636397304864,0.2982020872808963,72.0,0.9990399827559788,1.2341704243618796,-0.5258256392154419,0.0646429582885968,144.0,1.4568306406339009,1.6792557003713104,-1.4331491481820795,-0.4798738180008837
5,5,8,6,14,64,1.1513729095458984,0.0772961527109146,0.0773597136139869,216.0,1.0039947524114892,1.163316079389378,0.2803765050467129,0.6079112985579861,72.0,0.9912947316964468,1.1017694286706292,-1.4315441308243488,0.1234256830487561,144.0,1.0103447627690103,1.192899205244185,-0.0297147035055174,0.1771792891493291,216.0,1.1300772185678836,1.3392185621734471,0.1062256859448517,0.4530500194128678,72.0,0.9460337261358897,1.1334042573124297,-0.2868393065121903,-0.0209142305120496,144.0,1.2220989647838805,1.4310684577118953,-0.7670786831775249,-0.3885236565105036
5,6,8,7,15,61,1.1737205982208252,0.0776814445853233,0.0768547356128692,216.0,0.976879973102499,1.1481665872461448,0.2989973158529061,0.6154236382630778,72.0,1.082569592528873,1.2221696629779903,-1.9920146768074805,0.1399616834346206,144.0,0.924035163389312,1.109315295824781,0.1095297423149838,0.3374461079047035,216.0,1.1616138363326038,1.3774489216812962,0.0544686000921561,0.3788615483523129,72.0,0.893171532286538,1.0895613941999904,-0.189208630047081,0.1068478176839105,144.0,1.2958349883556366,1.5008252003134592,-0.943548110077984,-0.4578206130904775
5,7,8,7,15,61,1.1737205982208252,0.0776814445853233,0.0768547356128692,216.0,0.976879973102499,1.1481665872461448,0.2989973158529061,0.6154236382630778,72.0,1.082569592528873,1.2221696629779903,-1.9920146768074805,0.1399616834346206,144.0,0.924035163389312,1.109315295824781,0.1095297423149838,0.3374461079047035,216.0,1.1616138363326038,1.3774489216812962,0.0544686000921561,0.3788615483523129,72.0,0.893171532286538,1.0895613941999904,-0.189208630047081,0.1068478176839105,144.0,1.2958349883556366,1.5008252003134592,-0.943548110077984,-0.4578206130904775
6,0,10,0,10,63,0.9861818552017212,0.0748592391610145,0.0765411108732223,216.0,0.9613950153191884,1.096390165142518,0.3607950425258026,0.6357402601298598,72.0,0.8074425955613455,0.8844955471977174,-0.5670830841179537,0.2075365472042651,144.0,1.03837122519811,1.1882511960126791,-0.0217059813813114,0.1499760471865113,216.0,1.067656370224776,1.274635343411375,0.1903508540778684,0.5545830788695348,72.0,0.7856636842091879,0.9545202254201391,0.0873066021147805,0.3557009323310054,144.0,1.2086527132325702,1.4076535289772458,-0.7097263922131518,-0.3009372382847812
6,1,10,2,12,64,1.0098706483840942,0.073940172791481,0.0742679163813591,216.0,0.9489211489756902,1.106288331061445,0.3492015118984337,0.6199848221957768,72.0,0.8581326736344231,0.9469214165361196,-0.7960920852346574,0.3402387969850515,144.0,0.9943153866463236,1.177913716117055,-0.0040061510392128,0.1924395638030542,216.0,1.166921067017096,1.3928111160603036,0.0332606475858849,0.4371966603321217,72.0,0.788752579026752,0.9985093015544722,0.0012452254478249,0.2361274329690528,144.0,1.356005311012268,1.5528598761273738,-1.0806527551083054,-0.420366033048022
6,2,10,2,12,64,1.0098706483840942,0.073940172791481,0.0742679163813591,216.0,0.9489211489756902,1.106288331061445,0.3492015118984337,0.6199848221957768,72.0,0.8581326736344231,0.9469214165361196,-0.7960920852346574,0.3402387969850515,144.0,0.9943153866463236,1.177913716117055,-0.0040061510392128,0.1924395638030542,216.0,1.166921067017096,1.3928111160603036,0.0332606475858849,0.4371966603321217,72.0,0.788752579026752,0.9985093015544722,0.0012452254478249,0.2361274329690528,144.0,1.356005311012268,1.5528598761273738,-1.0806527551083054,-0.420366033048022
6,3,10,4,14,64,1.1819829940795898,0.0732426196336746,0.0794291421771049,216.0,1.0084070695771112,1.1700362173543408,0.2720383805298908,0.6160722568505993,72.0,1.0369323558277554,1.1859330112510196,-1.8172217788233147,0.1714963251138299,144.0,0.994144426451789,1.1620062699029752,0.0229284710235632,0.2827781257904951,216.0,1.1341379516654544,1.3599953214657443,0.0782783731047616,0.3988529079345346,72.0,0.9371749775277244,1.1696853217153858,-0.3705431670570105,0.0698228287527432,144.0,1.2326194387343197,1.4457866494385874,-0.8036135487753227,-0.4749575862772472
6,4,10,5,15,63,1.057786464691162,0.0748761370778083,0.0758820995688438,216.0,0.9512631595134736,1.1077976749175755,0.3474244909377842,0.6209971882474671,72.0,0.9440464013152652,1.05450002799236,-1.227377929691671,0.1156127735597186,144.0,0.9548715386125776,1.133507114362868,0.0702677061466435,0.2826199568070353,216.0,1.193827412746571,1.4026787798391367,0.0195139867011309,0.3640366310754842,72.0,0.9688878473308352,1.1615321687068505,-0.3515033389042141,0.0342976958575938,144.0,1.3062971954544385,1.5088681684117051,-0.9644349946347122,-0.45225234322153
6,5,10,6,16,62,1.083841323852539,0.0753993093967437,0.0798282176256179,216.0,0.9737462285492156,1.1357277394439078,0.3141038915736225,0.5924587274789508,72.0,0.9374034934573704,1.0758632930196514,-1.318541646902854,0.1633895118814164,144.0,0.991917596095138,1.1645064768304247,0.0187193558818027,0.1868195582191195,216.0,1.1930540121263928,1.385179625108754,0.0438255414043636,0.4043105319150815,72.0,0.97441432873408,1.155389864452872,-0.3372473488610874,0.0540455341107526,144.0,1.302373853822549,1.486815732121647,-0.9074333179657924,-0.3839324128027134
6,6,10,7,17,64,1.1713950634002686,0.075184978544712,0.0785064920783042,216.0,1.032664250444483,1.166073600764147,0.2769608743586654,0.5806386041705867,72.0,1.015989621480306,1.0999721620244391,-1.4236176651753016,0.1885059550915636,144.0,1.0410015649265714,1.1977571060044834,-0.038118493656934,0.1091920065380579,216.0,1.119889866974619,1.332746066761524,0.1148441009899537,0.4544664599036485,72.0,0.8389047781626383,1.008645701100649,-0.0191354827842098,0.251567063889719,144.0,1.2603824113806088,1.4682081060013454,-0.8599886918218131,-0.3760383081126686
6,7,10,7,17,64,1.1713950634002686,0.075184978544712,0.0785064920783042,216.0,1.032664250444483,1.166073600764147,0.2769608743586654,0.5806386041705867,72.0,1.015989621480306,1.0999721620244391,-1.4236176651753016,0.1885059550915636,144.0,1.0410015649265714,1.1977571060044834,-0.038118493656934,0.1091920065380579,216.0,1.119889866974619,1.332746066761524,0.1148441009899537,0.4544664599036485,72.0,0.8389047781626383,1.008645701100649,-0.0191354827842098,0.251567063889719,144.0,1.2603824113806088,1.4682081060013454,-0.8599886918218131,-0.3760383081126686
7,0,11,0,11,76,0.9500960111618042,0.0760723501443862,0.0733480304479599,216.0,0.9469234032763376,1.1344842872010803,0.31560497697847,0.612075555802982,72.0,0.6204891204833984,0.7663350707220453,-0.1763542427228077,0.4177045384232295,144.0,1.110140544672807,1.2794323649767243,-0.1845245900662842,0.0549492241117448,216.0,1.1757944546363972,1.4296591557611624,-0.018567861250575,0.4171704109107184,72.0,1.0094050996833377,1.2804060091696257,-0.6422907475321533,-0.0741312041917677,144.0,1.258989132112927,1.498722181833156,-0.9381051658462592,-0.3029858693138518
7,1,11,2,13,111,0.9670541882514954,0.0617088042199611,0.0825100764632225,216.0,0.9005208178250877,1.0988706083351834,0.3578995311558109,0.6071286759002001,72.0,0.8267170356379615,0.9627672804088504,-0.8567069609717259,0.3388754058624608,144.0,0.937422708918651,1.1609541346157812,0.0246970432857651,0.3999153878581472,216.0,1.353151042462775,1.6307042294261274,-0.325181438537085,0.2266446823470765,72.0,0.9906242075893614,1.3162520360825174,-0.7355324997478796,-0.0036947055140533,144.0,1.5344144598994818,1.7670695273691703,-1.694277623212708,-0.3710992287444569
7,2,11,2,13,111,0.9670541882514954,0.0617088042199611,0.0825100764632225,216.0,0.9005208178250877,1.0988706083351834,0.3578995311558109,0.6071286759002001,72.0,0.8267170356379615,0.9627672804088504,-0.8567069609717259,0.3388754058624608,144.0,0.937422708918651,1.1609541346157812,0.0246970432857651,0.3999153878581472,216.0,1.353151042462775,1.6307042294261274,-0.325181438537085,0.2266446823470765,72.0,0.9906242075893614,1.3162520360825174,-0.7355324997478796,-0.0036947055140533,144.0,1.5344144598994818,1.7670695273691703,-1.694277623212708,-0.3710992287444569
7,3,11,4,15,62,1.049937725067139,0.0755521282553672,0.0757067054510116,216.0,0.9550843912142294,1.1033834868296652,0.3526147021602981,0.6292712145383255,72.0,0.9357542163795896,1.0398711807684604,-1.1660067481920535,0.1594820749319739,144.0,0.9647494786315494,1.1338062630873886,0.0697769021149186,0.2767912418835971,216.0,1.2084350260319534,1.411023913732664,0.0078126233723261,0.3870586116162415,72.0,0.9119529591666328,1.087789221497705,-0.1853432780420727,0.097235991191407,144.0,1.3566760594646137,1.5475270700329848,-1.0663866059256977,-0.4278370934434999
7,4,11,5,16,62,1.1582038402557373,0.0767048895359039,0.0773850977420806,216.0,1.0134250030473426,1.1594084029844491,0.2852029367202493,0.5780347917125745,72.0,1.0251301063431637,1.1183842594371023,-1.5054331126377931,0.1845473868452601,144.0,1.0075724513994322,1.1793854719675363,-0.0065166491170085,0.1624713800394122,216.0,1.111224541509593,1.3092441577714993,0.1457868785670072,0.5058695939772294,72.0,0.8293478058444129,1.011512295020195,-0.0249365266691552,0.2365358579575156,144.0,1.252162909342183,1.4351312955613829,-0.7771264838932106,-0.3187308581453517
7,5,11,6,17,64,1.1091713905334473,0.0756317675113678,0.0786608308553695,216.0,0.997438939081298,1.138600911255222,0.3106291325490179,0.6009221647438932,72.0,0.9685582021872202,1.0592093596106602,-1.2473170167896828,0.2200489250609784,144.0,1.0118793075283368,1.1762890031465143,-0.0012383815325254,0.1784443070565968,216.0,1.1612726797660191,1.382078141688936,0.0481025884553424,0.4107866946904021,72.0,0.8565787573655447,1.036641981237624,-0.0764955130855955,0.171844487188377,144.0,1.3136196409662564,1.525744633275628,-1.008624570583434,-0.4205685629568624
7,6,11,7,18,64,1.1810178756713867,0.0821021646261215,0.0763854756951332,216.0,1.0300599998897977,1.1969861228880545,0.2381173157464766,0.5310970648747816,72.0,0.95351070827908,1.0783325911287776,-1.329196793677423,0.0525317900032147,144.0,1.0683346456951566,1.2521034617932392,-0.1344617255325848,-0.046568689616994,216.0,1.0653344403814389,1.2696362358316862,0.1966892724021641,0.5434229368945086,72.0,0.8208001454671224,0.9862039033510906,0.025710385990751,0.2461967436518284,144.0,1.1876015878385968,1.3898435838297831,-0.6667364068020032,-0.2447016075923654
7,7,11,7,18,64,1.1810178756713867,0.0821021646261215,0.0763854756951332,216.0,1.0300599998897977,1.1969861228880545,0.2381173157464766,0.5310970648747816,72.0,0.95351070827908,1.0783325911287776,-1.329196793677423,0.0525317900032147,144.0,1.0683346456951566,1.2521034617932392,-0.1344617255325848,-0.046568689616994,216.0,1.0653344403814389,1.2696362358316862,0.1966892724021641,0.5434229368945086,72.0,0.8208001454671224,0.9862039033510906,0.025710385990751,0.2461967436518284,144.0,1.1876015878385968,1.3898435838297831,-0.6667364068020032,-0.2447016075923654
8,0,12,0,12,82,0.9149216413497924,0.0745218694210052,0.0720336139202117,216.0,0.9130608690557656,1.09886555583155,0.3579054357772813,0.6396610947583338,72.0,0.653095457288954,0.7945171241125744,-0.2644662578338768,0.2665562502524222,144.0,1.0430435749391715,1.2229593347431524,-0.0822645877321588,0.1926839799765688,216.0,1.1631618688503902,1.4090242799852433,0.010622789126533,0.4047194062446776,72.0,0.9739701913462744,1.2578169271161708,-0.5848549063523838,0.0823796064597663,144.0,1.257757707602448,1.4788415808706206,-0.8870281345008282,-0.2569153452862857
